,State,Int'l Plan,VMail Plan,VMail Message,Churn?,Total Charge,Total Charge > 80,CustServ Calls >3
0,KS,0,1,25,0,75,0,0
1,OH,0,1,26,0,59,0,0
2,NJ,0,0,0,0,62,0,0
3,OH,1,0,0,0,66,0,0
4,OK,1,0,0,0,52,0,0
5,AL,1,0,0,0,67,0,0
6,MA,0,1,24,0,78,0,0
7,MO,1,0,0,0,46,0,0
8,LA,0,0,0,0,73,0,0
9,WV,1,1,37,0,80,0,0
10,IN,0,0,0,1,54,0,1
11,RI,0,0,0,0,57,0,0
12,IA,0,0,0,0,40,0,0
13,MT,0,0,0,0,59,0,0
14,IA,0,0,0,0,59,0,1
15,NY,0,0,0,1,92,1,1
16,ID,0,1,27,0,65,0,0
17,VT,0,0,0,0,58,0,0
18,VA,0,1,33,0,60,0,0
19,TX,0,0,0,0,63,0,0
20,FL,0,0,0,0,59,0,0
21,CO,0,0,0,1,36,0,1
22,AZ,0,0,0,0,48,0,0
23,SC,0,0,0,0,41,0,0
24,VA,0,0,0,0,48,0,0
25,NE,0,0,0,0,60,0,0
26,WY,0,1,39,0,63,0,0
27,MT,0,0,0,0,44,0,0
28,MO,0,0,0,0,64,0,0
29,HI,0,0,0,0,49,0,0
30,IL,0,0,0,0,41,0,0
31,NH,0,0,0,0,69,0,0
32,LA,0,0,0,0,55,0,0
33,AZ,0,0,0,1,79,0,0
34,OK,0,1,25,0,58,0,0
35,GA,0,1,37,0,66,0,0
36,AK,0,1,30,0,48,0,0
37,MA,0,0,0,0,54,0,0
38,AK,1,1,33,0,58,0,0
39,NJ,0,0,0,0,58,0,0
40,GA,0,0,0,0,46,0,0
41,MD,1,1,41,1,56,0,0
42,AR,0,0,0,0,61,0,0
43,ID,0,0,0,0,39,0,0
44,WI,0,0,0,0,58,0,0
45,OR,0,1,28,0,48,0,0
46,MI,0,0,0,0,59,0,0
47,DE,0,0,0,0,56,0,0
48,ID,0,0,0,1,55,0,1
49,WY,0,1,24,0,47,0,0
50,IA,0,0,0,0,68,0,0
51,IN,0,0,0,0,68,0,0
52,VA,0,0,0,0,63,0,0
53,UT,0,0,0,0,62,0,0
54,WY,0,0,0,1,56,0,1
55,IN,0,0,0,0,65,0,0
56,CO,0,0,0,0,45,0,0
57,CO,0,1,30,1,49,0,0
58,WI,0,0,0,0,55,0,0
59,OK,0,0,0,0,65,0,0
60,ID,0,0,0,0,57,0,0
61,CA,0,1,34,0,71,0,0
62,MN,0,1,33,0,64,0,0
63,SD,0,1,28,0,62,0,0
64,NC,0,0,0,0,45,0,0
65,WA,0,1,41,0,50,0,0
66,WY,1,0,0,0,70,0,0
67,MN,1,0,0,0,46,0,0
68,UT,0,0,0,0,63,0,0
69,TX,0,0,0,1,55,0,1
70,NJ,0,0,0,0,72,0,0
71,MN,0,1,46,0,68,0,0
72,NM,0,0,0,0,64,0,0
73,NV,0,0,0,0,62,0,0
74,HI,0,0,0,0,65,0,0
75,MN,0,0,0,0,55,0,0
76,DC,0,0,0,1,81,1,0
77,NY,0,0,0,1,27,0,1
78,MN,0,0,0,0,60,0,0
79,MD,0,0,0,0,56,0,0
80,WV,0,0,0,0,73,0,0
81,OR,1,0,0,0,69,0,0
82,CO,0,1,25,0,50,0,0
83,GA,0,1,24,0,77,0,0
84,TX,0,0,0,1,68,0,0
85,VT,0,1,29,0,66,0,0
86,IN,0,0,0,1,50,0,1
87,WV,0,0,0,0,65,0,0
88,KY,0,1,35,0,48,0,0
89,NJ,0,0,0,1,74,0,0
90,DC,0,0,0,0,48,0,0
91,LA,0,0,0,1,62,0,0
92,AR,0,0,0,0,49,0,0
93,ME,0,0,0,0,72,0,0
94,AZ,0,0,0,0,55,0,0
95,AK,0,0,0,0,64,0,0
96,MT,0,0,0,0,56,0,0
97,AZ,0,0,0,0,62,0,1
98,MS,0,0,0,1,62,0,0
99,ID,0,0,0,1,75,0,0
100,IA,0,1,21,0,57,0,1
101,MA,0,0,0,0,56,0,0
102,VT,0,0,0,0,46,0,0
103,KY,0,0,0,0,52,0,0
104,IN,0,0,0,0,57,0,0
105,AZ,0,0,0,0,68,0,1
106,MI,0,1,29,0,75,0,0
107,NM,0,1,21,0,46,0,0
108,CO,0,1,32,0,49,0,0
109,UT,0,0,0,0,65,0,0
110,MI,0,0,0,0,62,0,0
111,MA,0,0,0,0,63,0,0
112,AL,0,0,0,0,57,0,1
113,DE,0,0,0,0,53,0,0
114,AZ,0,0,0,0,36,0,0
115,ME,1,1,42,1,66,0,0
116,NJ,0,0,0,0,47,0,0
117,NV,0,0,0,1,76,0,0
118,MO,0,1,36,0,43,0,0
119,ID,0,0,0,0,67,0,0
120,NE,0,0,0,0,67,0,0
121,TX,0,1,22,0,56,0,0
122,MD,0,0,0,0,60,0,0
123,MS,0,0,0,0,48,0,0
124,NV,0,0,0,0,48,0,0
125,AZ,0,0,0,0,68,0,0
126,MS,0,0,0,1,34,0,1
127,MS,0,1,27,1,56,0,1
128,TX,0,0,0,0,42,0,0
129,NE,0,1,36,0,64,0,0
130,NE,0,0,0,0,52,0,0
131,CA,0,0,0,0,54,0,0
132,NJ,0,0,0,0,73,0,0
133,TX,0,0,0,0,62,0,1
134,AR,0,0,0,0,62,0,0
135,AL,1,0,0,0,50,0,0
136,NY,0,1,21,0,60,0,1
137,FL,0,0,0,0,64,0,0
138,AK,0,1,36,0,56,0,0
139,NV,0,1,23,0,57,0,0
140,DE,0,0,0,0,60,0,0
141,MD,0,1,39,0,67,0,0
142,MI,0,1,28,0,56,0,0
143,VT,0,0,0,0,70,0,0
144,VT,1,0,0,1,58,0,0
145,MI,0,0,0,0,61,0,0
146,WA,0,0,0,0,55,0,0
147,UT,1,0,0,0,73,0,0
148,LA,0,0,0,0,58,0,0
149,RI,0,1,43,0,73,0,0
150,IA,0,0,0,0,62,0,0
151,NE,0,0,0,0,51,0,0
152,OH,0,0,0,0,57,0,0
153,RI,0,0,0,0,67,0,0
154,OK,0,0,0,0,71,0,1
155,LA,0,0,0,0,69,0,0
156,OH,0,0,0,1,87,1,0
157,VA,0,1,23,0,63,0,0
158,MO,0,0,0,0,63,0,0
159,FL,0,1,24,0,49,0,0
160,SC,0,0,0,0,45,0,0
161,VA,0,0,0,0,72,0,0
162,IA,0,1,36,0,65,0,0
163,MI,0,0,0,0,42,0,0
164,OK,0,0,0,0,56,0,0
165,DE,0,1,33,0,73,0,0
166,GA,0,1,31,0,60,0,0
167,DC,0,0,0,0,69,0,0
168,AZ,0,1,38,0,53,0,0
169,AL,0,0,0,0,63,0,0
170,CO,0,0,0,0,67,0,0
171,NH,0,1,27,0,55,0,0
172,NM,0,0,0,0,53,0,0
173,OR,0,0,0,0,47,0,0
174,LA,0,0,0,0,62,0,0
175,NE,0,0,0,0,68,0,0
176,MN,0,0,0,0,53,0,0
177,MI,0,0,0,0,65,0,0
178,AR,0,0,0,0,59,0,0
179,KS,0,0,0,0,73,0,0
180,WV,1,1,23,0,67,0,1
181,AK,0,0,0,1,31,0,1
182,NY,0,1,36,0,50,0,0
183,NH,0,0,0,0,66,0,0
184,VA,1,0,0,0,73,0,0
185,NM,0,0,0,0,73,0,0
186,NY,0,0,0,0,44,0,0
187,AZ,0,0,0,0,72,0,0
188,WY,0,0,0,0,52,0,0
189,WA,0,0,0,0,68,0,0
190,CO,0,0,0,0,45,0,0
191,TX,0,0,0,0,51,0,0
192,KY,0,0,0,0,64,0,0
193,MT,0,0,0,0,51,0,0
194,OK,0,1,23,0,71,0,0
195,MD,0,1,23,0,58,0,0
196,TN,0,0,0,0,55,0,0
197,TX,0,0,0,1,81,1,0
198,ME,1,1,26,1,81,1,1
199,DC,0,0,0,0,43,0,0
200,MN,0,1,24,0,58,0,0
201,DE,0,0,0,0,72,0,0
202,MD,0,0,0,0,65,0,0
203,MI,0,0,0,0,50,0,0
204,WA,0,0,0,0,59,0,0
205,MO,0,1,36,0,47,0,0
206,IN,0,0,0,0,60,0,0
207,OR,0,0,0,0,61,0,0
208,MD,0,0,0,0,64,0,0
209,RI,0,0,0,0,72,0,0
210,LA,0,0,0,0,65,0,0
211,AZ,1,0,0,0,67,0,0
212,PA,0,1,24,0,55,0,0
213,AZ,0,1,31,0,52,0,0
214,FL,1,0,0,1,65,0,0
215,LA,0,0,0,0,58,0,0
216,FL,0,0,0,0,52,0,0
217,FL,0,0,0,0,62,0,0
218,MD,0,0,0,1,75,0,0
219,AL,0,0,0,0,57,0,0
220,WA,0,0,0,0,57,0,0
221,TN,0,1,22,0,56,0,0
222,MS,0,0,0,0,57,0,0
223,ME,0,0,0,0,56,0,0
224,OK,0,0,0,0,39,0,0
225,IN,0,0,0,0,68,0,0
226,MO,0,0,0,0,68,0,0
227,IA,0,1,27,0,53,0,0
228,VA,0,1,23,0,76,0,1
229,KY,0,1,22,0,70,0,0
230,MD,1,0,0,1,76,0,0
231,OH,1,1,36,0,70,0,0
232,OK,0,0,0,0,64,0,0
233,NV,0,0,0,0,57,0,0
234,ID,1,0,0,0,62,0,0
235,MN,0,0,0,1,52,0,1
236,SD,0,1,40,0,57,0,0
237,IL,0,0,0,0,41,0,0
238,WY,0,0,0,0,37,0,0
239,AL,0,0,0,0,55,0,0
240,NJ,0,0,0,0,57,0,0
241,NV,1,0,0,1,47,0,0
242,IN,0,0,0,0,73,0,0
243,WV,0,0,0,0,63,0,0
244,VA,0,0,0,1,75,0,0
245,SC,0,0,0,0,44,0,0
246,RI,0,1,37,0,33,0,0
247,IN,0,0,0,0,64,0,0
248,AZ,0,0,0,0,61,0,1
249,NM,0,1,23,0,63,0,0
250,OR,0,1,29,1,53,0,1
251,NJ,0,0,0,0,62,0,1
252,MS,0,0,0,0,65,0,0
253,MI,0,1,41,0,53,0,0
254,TX,1,0,0,0,58,0,0
255,FL,0,1,32,0,58,0,1
256,DC,0,0,0,0,51,0,0
257,TX,0,0,0,0,48,0,0
258,KS,1,0,0,1,38,0,0
259,UT,0,0,0,0,56,0,0
260,MN,0,1,25,0,58,0,0
261,IL,0,0,0,0,49,0,0
262,NM,0,0,0,0,53,0,0
263,SC,0,0,0,0,61,0,0
264,NC,0,0,0,0,69,0,0
265,WV,0,1,30,0,73,0,0
266,RI,0,1,28,0,67,0,1
267,NH,0,0,0,0,53,0,0
268,MO,0,1,48,0,35,0,0
269,MA,1,0,0,0,53,0,0
270,PA,0,0,0,0,69,0,0
271,OK,0,0,0,0,49,0,0
272,AL,0,1,28,0,67,0,0
273,WY,0,0,0,0,65,0,0
274,PA,0,1,28,0,55,0,0
275,WA,0,0,0,0,65,0,0
276,HI,1,0,0,0,67,0,0
277,SD,0,1,48,1,54,0,0
278,AL,0,1,25,0,66,0,0
279,VT,1,0,0,0,66,0,0
280,MT,0,0,0,0,56,0,0
281,MN,0,0,0,0,63,0,0
282,AK,0,1,37,0,59,0,0
283,MI,0,1,28,0,75,0,0
284,DE,0,0,0,0,63,0,0
285,SD,0,1,24,0,55,0,0
286,MI,0,0,0,0,57,0,0
287,KS,0,0,0,0,69,0,0
288,AL,0,0,0,0,61,0,0
289,OK,0,0,0,1,89,1,0
290,CT,0,1,34,0,73,0,0
291,NE,0,0,0,0,36,0,0
292,WI,0,0,0,0,54,0,0
293,CT,0,1,37,1,52,0,1
294,WI,0,1,18,0,55,0,0
295,IN,0,0,0,0,62,0,0
296,DC,0,0,0,0,44,0,0
297,AR,0,0,0,0,56,0,0
298,ME,0,0,0,0,66,0,1
299,MN,0,0,0,0,62,0,0
300,MD,0,0,0,0,50,0,0
301,FL,0,0,0,1,78,0,0
302,RI,0,0,0,1,75,0,0
303,IA,0,0,0,0,65,0,0
304,AZ,0,0,0,0,49,0,0
305,MO,0,0,0,0,71,0,0
306,VT,0,0,0,1,81,1,0
307,IN,0,0,0,1,77,0,1
308,RI,0,0,0,0,60,0,0
309,SD,0,0,0,0,71,0,0
310,MN,0,0,0,1,76,0,0
311,TX,0,1,38,0,67,0,0
312,VA,0,0,0,0,62,0,0
313,MA,0,0,0,0,51,0,0
314,ID,0,0,0,0,55,0,0
315,MA,0,0,0,0,45,0,0
316,GA,0,1,28,0,52,0,0
317,RI,0,1,29,0,50,0,0
318,ID,0,1,21,0,71,0,0
319,SD,1,1,32,1,63,0,0
320,MA,0,0,0,0,66,0,0
321,WY,0,1,32,0,50,0,0
322,VA,0,0,0,0,58,0,0
323,OR,0,0,0,0,50,0,0
324,VA,0,0,0,0,63,0,0
325,ME,0,1,30,0,37,0,0
326,AL,0,1,35,0,41,0,0
327,GA,0,1,33,0,70,0,0
328,IA,0,0,0,0,64,0,0
329,AZ,0,0,0,0,62,0,0
330,FL,0,0,0,0,67,0,0
331,MT,0,0,0,1,78,0,0
332,AL,0,0,0,1,48,0,1
333,DE,0,0,0,0,63,0,0
334,MT,0,0,0,0,59,0,0
335,KY,0,1,17,0,58,0,0
336,SC,0,0,0,0,62,0,0
337,WA,0,0,0,0,63,0,0
338,OR,0,0,0,0,74,0,0
339,AK,0,0,0,0,67,0,0
340,GA,0,0,0,1,65,0,0
341,MN,0,0,0,0,68,0,0
342,IL,0,1,34,0,65,0,0
343,IN,0,1,21,0,36,0,0
344,SC,0,1,37,0,44,0,0
345,VA,0,0,0,0,67,0,0
346,WI,0,1,33,0,52,0,0
347,VT,0,0,0,0,61,0,0
348,AZ,0,1,41,0,49,0,0
349,FL,0,0,0,1,41,0,1
350,AK,0,0,0,0,61,0,1
351,AR,1,1,38,0,70,0,1
352,AR,0,0,0,0,46,0,0
353,AK,0,0,0,0,61,0,0
354,MS,1,0,0,1,71,0,0
355,ME,0,0,0,0,48,0,0
356,CA,1,0,0,0,69,0,0
357,NM,0,1,23,0,49,0,0
358,NE,1,1,39,0,51,0,0
359,SC,0,1,29,0,57,0,0
360,CO,1,0,0,1,80,0,0
361,DE,0,0,0,0,50,0,0
362,OH,0,1,36,0,57,0,0
363,MS,0,0,0,0,64,0,0
364,OK,0,0,0,0,57,0,0
365,CO,0,0,0,1,92,1,0
366,NC,0,0,0,0,63,0,1
367,MD,0,0,0,0,51,0,0
368,KS,0,0,0,0,42,0,0
369,MA,0,0,0,0,67,0,0
370,NC,0,0,0,0,65,0,0
371,NM,0,0,0,0,65,0,0
372,CA,1,0,0,1,62,0,0
373,NY,0,0,0,0,59,0,0
374,AZ,0,0,0,0,63,0,0
375,SD,0,1,21,0,60,0,0
376,DC,0,0,0,0,50,0,0
377,ND,0,0,0,0,65,0,0
378,MO,1,0,0,1,64,0,0
379,KS,0,0,0,0,63,0,0
380,SD,0,0,0,0,71,0,0
381,OK,0,0,0,0,53,0,0
382,OR,1,0,0,0,55,0,0
383,IN,1,1,22,0,71,0,0
384,OH,0,0,0,0,58,0,0
385,KS,0,0,0,0,69,0,1
386,CT,0,0,0,0,65,0,0
387,NH,0,0,0,0,61,0,0
388,WI,0,0,0,0,49,0,0
389,MS,0,0,0,0,57,0,0
390,WV,0,0,0,0,62,0,0
391,MA,0,0,0,0,51,0,0
392,MD,0,0,0,0,63,0,1
393,PA,0,0,0,0,65,0,0
394,WI,0,0,0,1,66,0,0
395,TN,0,1,22,0,62,0,0
396,TX,0,0,0,0,51,0,0
397,OR,0,0,0,1,74,0,0
398,IL,0,0,0,0,52,0,0
399,DC,0,0,0,1,59,0,0
400,GA,0,1,31,0,52,0,0
401,ID,0,0,0,0,60,0,0
402,UT,0,1,26,0,51,0,0
403,KY,0,0,0,0,62,0,0
404,OH,0,0,0,0,62,0,1
405,WI,1,0,0,0,70,0,0
406,IL,0,0,0,0,47,0,0
407,DE,0,0,0,1,53,0,1
408,RI,1,0,0,0,51,0,0
409,TX,0,0,0,0,57,0,0
410,OR,0,0,0,0,53,0,0
411,NV,0,0,0,0,43,0,0
412,NE,0,0,0,0,73,0,0
413,MS,0,0,0,0,70,0,0
414,OR,0,0,0,0,51,0,0
415,DE,0,0,0,1,77,0,0
416,DE,1,0,0,1,53,0,0
417,AZ,0,0,0,0,67,0,0
418,SD,0,1,34,0,55,0,0
419,NV,0,0,0,0,70,0,0
420,NM,0,1,28,0,67,0,0
421,MN,0,0,0,0,66,0,0
422,NJ,0,0,0,0,70,0,0
423,IN,0,1,45,0,68,0,0
424,DC,0,1,16,0,60,0,0
425,MA,1,0,0,0,60,0,0
426,ME,0,0,0,0,41,0,0
427,NH,0,1,40,0,48,0,0
428,AZ,0,0,0,0,58,0,0
429,OR,0,0,0,0,56,0,0
430,KS,0,0,0,1,77,0,0
431,NE,0,0,0,0,65,0,0
432,MI,0,0,0,0,71,0,0
433,SC,0,0,0,0,51,0,0
434,PA,0,1,31,0,77,0,0
435,MT,0,1,29,0,61,0,0
436,NM,0,0,0,0,69,0,0
437,OH,0,0,0,1,74,0,0
438,WY,0,0,0,0,66,0,0
439,MI,0,0,0,0,53,0,0
440,AR,0,1,27,0,73,0,0
441,FL,0,0,0,0,58,0,0
442,AR,0,1,29,0,49,0,0
443,MO,0,0,0,0,68,0,0
444,WI,1,0,0,0,63,0,0
445,TX,0,0,0,0,44,0,0
446,TX,0,0,0,0,54,0,0
447,NM,0,0,0,0,70,0,0
448,GA,0,0,0,0,45,0,0
449,ID,0,1,21,0,71,0,1
450,AL,0,0,0,0,57,0,0
451,KS,0,1,23,0,72,0,0
452,SD,0,0,0,0,60,0,0
453,LA,0,1,20,0,69,0,0
454,OH,0,0,0,1,79,0,0
455,MA,0,0,0,1,77,0,0
456,AZ,0,0,0,0,44,0,0
457,KY,0,0,0,0,57,0,0
458,DC,0,1,28,0,60,0,0
459,WA,0,0,0,0,51,0,0
460,UT,0,0,0,0,72,0,0
461,RI,0,0,0,0,60,0,0
462,OH,0,1,18,0,39,0,0
463,NV,0,0,0,0,53,0,0
464,ND,0,1,23,0,66,0,0
465,NV,1,0,0,1,56,0,0
466,FL,0,1,36,1,68,0,0
467,MD,0,0,0,0,60,0,0
468,AZ,0,1,32,0,40,0,0
469,AL,0,1,34,0,66,0,0
470,NE,0,0,0,0,68,0,0
471,NV,0,0,0,0,44,0,0
472,IL,0,0,0,0,33,0,0
473,WV,0,1,33,1,52,0,1
474,MI,0,1,20,0,67,0,0
475,AR,0,0,0,0,53,0,0
476,UT,0,0,0,0,70,0,0
477,GA,0,1,23,0,51,0,0
478,AZ,0,0,0,0,54,0,0
479,ID,0,0,0,0,61,0,0
480,HI,0,0,0,0,60,0,0
481,NV,0,0,0,0,54,0,0
482,MD,0,0,0,0,54,0,0
483,GA,0,0,0,0,60,0,0
484,GA,0,0,0,0,70,0,0
485,UT,0,1,16,0,44,0,0
486,MA,1,0,0,0,68,0,0
487,IN,0,0,0,0,73,0,0
488,VT,0,0,0,0,69,0,0
489,IA,0,0,0,0,56,0,0
490,IN,0,0,0,0,73,0,0
491,AL,1,0,0,1,67,0,0
492,ME,1,0,0,1,57,0,0
493,RI,0,1,33,0,57,0,0
494,MD,0,0,0,0,69,0,0
495,FL,1,0,0,0,52,0,0
496,CA,0,1,36,0,53,0,0
497,AL,0,0,0,0,65,0,0
498,ME,1,0,0,1,55,0,1
499,WV,0,0,0,0,55,0,0
500,SD,0,1,23,0,49,0,0
501,FL,0,1,28,0,75,0,0
502,MI,1,0,0,1,69,0,0
503,MI,1,1,26,0,64,0,0
504,NM,0,0,0,0,63,0,0
505,AK,0,0,0,0,52,0,0
506,OH,0,1,31,0,57,0,0
507,MO,0,0,0,1,68,0,0
508,KS,0,1,24,0,64,0,0
509,MS,0,1,26,1,56,0,1
510,VT,0,1,17,0,50,0,0
511,NE,0,0,0,0,68,0,0
512,VA,0,0,0,0,60,0,0
513,DE,0,1,30,0,67,0,0
514,AL,1,1,29,1,72,0,0
515,ID,0,1,14,0,43,0,0
516,MS,0,0,0,0,53,0,0
517,OK,0,0,0,0,58,0,0
518,NM,0,0,0,0,58,0,0
519,WI,0,0,0,0,55,0,0
520,WV,0,0,0,0,66,0,0
521,SC,0,0,0,1,39,0,1
522,KY,0,1,27,0,73,0,1
523,MO,0,0,0,0,30,0,0
524,IL,0,0,0,0,60,0,0
525,OK,0,0,0,0,32,0,0
526,MI,0,0,0,0,66,0,0
527,NJ,0,1,22,0,33,0,0
528,ID,0,0,0,0,45,0,0
529,DC,1,0,0,0,52,0,0
530,NY,0,1,37,0,57,0,0
531,AL,0,0,0,0,58,0,0
532,OR,0,1,38,0,70,0,0
533,OK,0,1,36,0,44,0,0
534,LA,0,0,0,0,71,0,1
535,NE,0,0,0,0,46,0,0
536,TX,0,1,40,0,54,0,0
537,UT,0,1,22,0,51,0,0
538,OR,0,0,0,0,66,0,0
539,NY,0,0,0,0,49,0,0
540,AL,0,1,28,0,45,0,0
541,RI,0,1,29,0,57,0,0
542,MN,1,1,20,1,77,0,1
543,NC,0,0,0,0,67,0,0
544,MD,0,1,31,0,44,0,0
545,RI,0,1,27,0,58,0,0
546,WI,1,0,0,1,78,0,0
547,VT,1,1,41,1,49,0,1
548,CT,0,1,31,0,51,0,0
549,OK,0,1,31,0,69,0,1
550,AK,0,0,0,1,54,0,1
551,NY,0,0,0,0,63,0,0
552,GA,0,0,0,1,82,1,0
553,UT,1,0,0,0,37,0,0
554,NM,0,0,0,0,57,0,0
555,NE,0,1,25,0,54,0,0
556,NJ,0,0,0,0,66,0,0
557,TX,0,1,20,0,64,0,0
558,MT,0,0,0,1,64,0,0
559,CO,0,0,0,0,49,0,0
560,VT,0,0,0,0,61,0,0
561,RI,0,1,18,0,61,0,0
562,WY,0,1,28,0,66,0,0
563,ID,0,0,0,0,46,0,0
564,CT,0,1,29,0,73,0,0
565,ME,0,0,0,0,58,0,0
566,AZ,0,1,37,0,57,0,0
567,MD,1,0,0,0,60,0,0
568,IN,0,0,0,0,72,0,0
569,NC,1,1,32,1,71,0,0
570,DE,0,0,0,0,58,0,0
571,MN,0,1,26,0,44,0,0
572,WI,1,0,0,0,43,0,0
573,FL,0,1,31,0,69,0,0
574,WV,0,0,0,1,77,0,0
575,SD,0,1,36,0,81,1,0
576,FL,0,0,0,0,67,0,0
577,OR,0,0,0,0,50,0,0
578,CO,0,1,30,0,59,0,0
579,CT,0,1,21,0,73,0,0
580,IN,0,0,0,1,78,0,0
581,PA,0,1,25,0,63,0,0
582,NM,0,0,0,0,51,0,0
583,ME,0,0,0,0,58,0,0
584,SD,0,0,0,1,75,0,0
585,AR,0,0,0,0,35,0,0
586,TX,1,0,0,0,67,0,0
587,NH,0,0,0,0,43,0,0
588,OK,0,0,0,1,48,0,1
589,WI,0,1,14,0,40,0,0
590,AL,0,0,0,0,72,0,0
591,PA,0,0,0,0,50,0,0
592,OK,0,0,0,0,49,0,0
593,ME,0,1,29,0,67,0,0
594,WV,0,0,0,0,64,0,0
595,HI,0,1,28,0,49,0,0
596,MN,0,0,0,0,49,0,0
597,NY,0,0,0,0,49,0,0
598,AZ,0,0,0,0,52,0,0
599,OH,0,1,46,0,67,0,0
600,MI,0,0,0,0,48,0,0
601,MA,1,0,0,1,53,0,0
602,WV,0,0,0,0,56,0,0
603,MI,0,0,0,0,46,0,0
604,NM,0,0,0,0,58,0,0
605,MO,0,0,0,1,90,1,0
606,RI,0,0,0,0,57,0,0
607,NC,0,1,29,0,46,0,0
608,WY,0,0,0,0,65,0,0
609,WY,0,0,0,0,56,0,0
610,PA,0,0,0,0,67,0,0
611,KY,0,0,0,0,62,0,0
612,OR,0,0,0,0,57,0,1
613,NV,1,1,29,1,68,0,0
614,DC,0,1,37,0,70,0,0
615,UT,0,1,43,0,58,0,0
616,WA,1,1,35,0,60,0,0
617,FL,0,0,0,0,59,0,0
618,VA,0,0,0,0,55,0,0
619,KS,1,0,0,1,81,1,0
620,KS,0,0,0,0,64,0,0
621,DC,0,0,0,0,43,0,0
622,ME,0,1,33,0,56,0,0
623,LA,0,0,0,0,62,0,0
624,DC,0,0,0,0,58,0,0
625,TX,0,0,0,0,54,0,0
626,NJ,1,1,37,1,63,0,0
627,DE,0,0,0,0,70,0,1
628,VT,0,0,0,0,46,0,0
629,GA,0,0,0,1,83,1,0
630,TX,0,0,0,0,61,0,0
631,MT,0,0,0,0,47,0,0
632,ND,0,1,22,0,48,0,0
633,NJ,0,1,34,0,46,0,0
634,MO,0,0,0,0,66,0,0
635,CO,0,1,27,0,56,0,1
636,KS,0,0,0,0,52,0,0
637,NC,0,1,19,0,54,0,0
638,MT,0,1,31,0,72,0,0
639,DE,0,0,0,0,45,0,0
640,ND,0,0,0,0,53,0,0
641,VA,0,0,0,0,57,0,0
642,IL,0,0,0,0,62,0,0
643,OK,0,0,0,0,73,0,0
644,CO,0,1,24,0,67,0,0
645,MT,0,1,22,0,67,0,0
646,WV,0,1,28,0,71,0,0
647,ME,0,0,0,0,52,0,0
648,WI,0,1,39,0,27,0,0
649,MO,0,0,0,1,75,0,0
650,NY,0,0,0,0,69,0,0
651,CT,0,0,0,0,64,0,0
652,AR,0,1,39,0,57,0,0
653,WY,0,1,22,0,65,0,0
654,CA,0,1,31,0,58,0,0
655,CA,0,0,0,1,56,0,1
656,MN,0,0,0,0,59,0,0
657,AK,0,0,0,0,58,0,0
658,VA,0,0,0,0,47,0,0
659,CO,0,0,0,0,45,0,0
660,MT,0,0,0,1,82,1,0
661,SD,0,1,31,0,74,0,0
662,NE,0,0,0,0,71,0,0
663,VT,0,0,0,0,50,0,0
664,ND,0,0,0,0,62,0,0
665,GA,0,1,22,0,64,0,0
666,OR,0,0,0,0,65,0,0
667,MT,0,0,0,0,51,0,0
668,WY,0,0,0,0,67,0,0
669,GA,0,1,33,0,63,0,0
670,WV,0,1,26,0,79,0,0
671,CT,0,1,36,0,46,0,0
672,IL,0,0,0,0,52,0,0
673,CO,0,0,0,0,54,0,0
674,DE,0,0,0,0,60,0,0
675,LA,0,0,0,0,65,0,0
676,MA,0,0,0,0,60,0,0
677,IN,0,0,0,0,64,0,0
678,NY,0,0,0,0,59,0,0
679,TX,1,0,0,1,77,0,0
680,KS,0,0,0,0,61,0,0
681,WV,0,0,0,0,48,0,0
682,NE,0,1,38,0,65,0,0
683,ND,0,0,0,0,58,0,0
684,AK,0,0,0,0,49,0,0
685,CO,0,1,32,0,33,0,0
686,ME,0,0,0,0,65,0,0
687,SC,0,0,0,0,61,0,0
688,MN,0,1,21,0,86,1,0
689,CO,0,0,0,0,66,0,0
690,KS,0,0,0,0,63,0,0
691,MS,0,0,0,0,51,0,0
692,NE,0,0,0,0,65,0,1
693,NJ,0,1,29,0,56,0,0
694,WI,0,0,0,0,60,0,1
695,MT,0,0,0,0,38,0,0
696,AR,0,0,0,0,55,0,0
697,WA,0,0,0,0,60,0,0
698,NH,0,0,0,0,66,0,0
699,IA,0,0,0,0,64,0,0
700,WV,0,0,0,0,38,0,0
701,RI,0,0,0,0,45,0,0
702,KS,0,0,0,0,61,0,0
703,MT,0,1,23,0,56,0,0
704,MO,0,0,0,0,64,0,0
705,HI,0,0,0,0,40,0,0
706,CO,0,0,0,0,62,0,0
707,CT,0,1,42,0,60,0,0
708,ID,1,1,32,0,41,0,0
709,DC,0,0,0,0,59,0,0
710,TN,0,0,0,0,66,0,0
711,WY,0,0,0,0,62,0,1
712,MO,0,0,0,0,36,0,0
713,VA,0,0,0,0,66,0,0
714,SD,0,1,22,0,57,0,0
715,WV,1,0,0,1,74,0,0
716,GA,1,1,30,0,71,0,0
717,AZ,0,0,0,0,64,0,0
718,AK,0,0,0,0,56,0,0
719,AK,0,0,0,0,63,0,0
720,CT,0,1,38,0,56,0,0
721,UT,0,1,36,1,39,0,1
722,KY,0,0,0,0,61,0,0
723,MI,0,0,0,0,56,0,0
724,OR,0,1,36,0,62,0,0
725,TN,0,0,0,0,56,0,0
726,WV,0,0,0,0,54,0,0
727,NJ,0,0,0,0,66,0,0
728,MS,0,1,39,0,73,0,0
729,ME,0,1,26,0,61,0,0
730,WY,0,0,0,1,76,0,0
731,WY,0,0,0,0,72,0,0
732,IN,0,0,0,0,73,0,0
733,NM,0,1,37,0,62,0,0
734,NJ,1,1,20,0,57,0,0
735,DC,1,0,0,0,40,0,0
736,UT,0,0,0,1,52,0,1
737,KY,1,0,0,1,54,0,0
738,KS,0,0,0,0,60,0,0
739,MI,0,0,0,0,61,0,0
740,UT,0,1,20,0,65,0,0
741,NE,0,0,0,0,38,0,0
742,FL,0,1,17,0,67,0,1
743,LA,0,0,0,0,59,0,0
744,MT,0,0,0,0,64,0,0
745,WA,0,1,26,0,56,0,0
746,MI,0,0,0,0,47,0,0
747,KY,0,0,0,0,60,0,0
748,LA,0,0,0,0,68,0,0
749,NM,1,0,0,0,54,0,0
750,AL,0,1,32,0,50,0,0
751,MO,0,1,29,0,50,0,0
752,CO,0,1,23,0,54,0,0
753,TX,0,0,0,0,40,0,0
754,NY,0,0,0,0,60,0,0
755,OR,0,0,0,0,56,0,0
756,WY,0,0,0,0,66,0,0
757,UT,0,0,0,0,52,0,0
758,LA,0,1,30,0,76,0,0
759,NV,0,1,21,0,62,0,0
760,NC,0,0,0,0,66,0,0
761,NC,0,0,0,0,62,0,0
762,WY,1,0,0,0,63,0,0
763,TN,0,1,35,0,72,0,0
764,FL,0,1,31,0,58,0,0
765,CA,0,0,0,0,59,0,0
766,PA,1,0,0,1,71,0,0
767,WV,0,1,26,0,66,0,0
768,NJ,0,0,0,0,67,0,0
769,MT,0,0,0,0,62,0,0
770,MN,0,0,0,0,58,0,0
771,WI,1,1,28,1,44,0,1
772,ID,0,0,0,0,61,0,0
773,MA,1,0,0,1,54,0,0
774,OR,0,0,0,0,57,0,0
775,MT,0,0,0,0,57,0,0
776,AL,0,1,20,0,71,0,0
777,ND,1,1,24,0,52,0,0
778,LA,0,1,26,0,61,0,1
779,ND,1,0,0,0,68,0,0
780,MS,1,0,0,0,72,0,0
781,WV,1,0,0,0,53,0,0
782,WI,0,1,27,0,68,0,0
783,KS,1,0,0,0,40,0,0
784,MO,0,1,22,0,73,0,0
785,PA,0,0,0,0,70,0,0
786,SD,0,0,0,0,64,0,0
787,NJ,0,0,0,1,74,0,0
788,AL,0,0,0,0,55,0,0
789,ME,0,0,0,0,48,0,0
790,AZ,1,1,45,0,70,0,0
791,VT,0,0,0,0,59,0,0
792,NV,1,1,33,1,77,0,0
793,WI,0,0,0,0,51,0,0
794,HI,0,0,0,0,63,0,0
795,DE,0,0,0,0,66,0,0
796,AZ,0,1,32,0,51,0,0
797,VA,1,0,0,1,56,0,0
798,GA,0,1,22,0,65,0,0
799,AZ,0,1,26,0,51,0,0
800,MN,0,1,27,0,74,0,0
801,ME,0,0,0,0,69,0,0
802,FL,0,0,0,0,72,0,0
803,WA,0,0,0,0,73,0,0
804,MT,0,0,0,0,73,0,0
805,AL,0,0,0,0,57,0,0
806,WV,0,0,0,0,51,0,0
807,GA,0,1,30,0,48,0,0
808,OH,1,1,16,0,54,0,0
809,DE,0,1,17,0,62,0,0
810,NE,0,0,0,0,63,0,0
811,FL,0,0,0,0,59,0,0
812,AK,0,0,0,0,41,0,0
813,WI,0,0,0,0,65,0,0
814,WA,0,1,41,0,50,0,0
815,KY,0,0,0,1,82,1,0
816,OH,0,0,0,0,69,0,0
817,UT,0,0,0,0,43,0,0
818,NM,0,0,0,0,62,0,0
819,MN,0,0,0,0,56,0,0
820,WV,0,1,16,0,49,0,0
821,MN,0,0,0,0,33,0,0
822,AL,0,0,0,0,57,0,0
823,PA,0,1,24,0,46,0,0
824,DE,0,0,0,0,56,0,0
825,MO,0,0,0,0,58,0,0
826,IL,1,0,0,0,58,0,0
827,FL,0,0,0,0,58,0,0
828,HI,0,0,0,0,61,0,0
829,ME,0,0,0,0,61,0,0
830,CO,1,0,0,1,50,0,0
831,NH,0,0,0,0,66,0,0
832,SC,0,0,0,1,83,1,0
833,IN,0,0,0,0,64,0,0
834,FL,0,0,0,0,35,0,0
835,GA,0,0,0,0,35,0,0
836,IL,0,1,31,0,65,0,0
837,NC,1,1,33,0,48,0,0
838,VT,0,1,28,0,73,0,0
839,DC,0,1,17,0,69,0,0
840,VT,0,0,0,0,52,0,0
841,NV,0,0,0,0,63,0,1
842,OR,1,0,0,0,47,0,0
843,AL,0,0,0,0,61,0,0
844,ND,0,1,19,0,57,0,0
845,FL,0,1,51,0,76,0,0
846,NE,0,0,0,1,63,0,0
847,ND,0,1,31,0,52,0,0
848,ME,0,0,0,0,68,0,0
849,IL,0,0,0,0,63,0,0
850,WA,0,0,0,0,65,0,0
851,MA,1,0,0,1,58,0,0
852,KS,0,0,0,0,73,0,0
853,RI,0,0,0,0,56,0,0
854,MO,0,1,24,0,70,0,0
855,IA,0,0,0,0,68,0,0
856,WY,0,0,0,0,54,0,0
857,NV,0,0,0,0,60,0,0
858,WI,0,1,37,0,60,0,0
859,AL,0,0,0,1,79,0,0
860,HI,0,0,0,0,58,0,0
861,MO,0,0,0,0,55,0,0
862,CA,0,1,38,0,59,0,0
863,MO,0,0,0,0,61,0,0
864,CT,0,0,0,0,49,0,0
865,MD,0,0,0,0,59,0,1
866,OH,0,1,27,0,69,0,0
867,NV,0,0,0,0,48,0,0
868,MD,0,0,0,0,61,0,0
869,NE,1,0,0,0,61,0,0
870,OH,0,0,0,0,54,0,0
871,MA,0,0,0,1,78,0,1
872,OK,0,1,43,0,63,0,0
873,MA,0,0,0,0,64,0,0
874,WA,0,0,0,0,58,0,1
875,HI,0,1,15,0,56,0,0
876,CO,0,0,0,0,57,0,0
877,FL,1,0,0,0,69,0,0
878,WI,0,0,0,0,64,0,0
879,ID,0,1,33,0,75,0,1
880,WY,0,0,0,0,56,0,0
881,GA,0,0,0,0,53,0,0
882,FL,0,0,0,0,59,0,0
883,WY,0,0,0,0,50,0,0
884,DE,0,0,0,0,66,0,0
885,ME,0,1,26,0,74,0,0
886,DC,0,1,31,0,45,0,0
887,IA,0,0,0,0,63,0,0
888,CO,0,0,0,0,63,0,0
889,MN,0,0,0,0,48,0,0
890,VT,0,0,0,0,61,0,0
891,AZ,0,0,0,0,43,0,0
892,LA,0,1,27,1,59,0,0
893,MO,1,0,0,0,57,0,0
894,ME,0,0,0,1,46,0,1
895,MD,0,0,0,0,56,0,0
896,VT,0,0,0,0,47,0,0
897,DC,0,1,35,0,66,0,0
898,WY,0,0,0,0,55,0,0
899,VA,0,1,32,0,69,0,0
900,VA,1,1,29,0,46,0,0
901,CT,0,0,0,1,85,1,0
902,HI,0,0,0,0,58,0,1
903,WI,0,0,0,0,61,0,0
904,MD,0,0,0,1,75,0,0
905,WV,0,0,0,1,51,0,1
906,VT,0,0,0,0,62,0,0
907,UT,0,1,24,0,45,0,0
908,CO,0,0,0,0,60,0,1
909,NC,0,1,25,0,41,0,0
910,NJ,0,1,32,0,53,0,0
911,AR,0,0,0,1,85,1,1
912,IA,0,0,0,0,47,0,0
913,GA,0,1,24,0,77,0,0
914,MO,0,0,0,1,88,1,0
915,MO,0,0,0,0,40,0,0
916,WY,0,0,0,0,55,0,0
917,HI,0,0,0,0,43,0,0
918,PA,0,0,0,0,71,0,0
919,TX,0,0,0,0,57,0,0
920,VA,0,0,0,0,43,0,0
921,RI,0,0,0,0,47,0,0
922,WI,0,0,0,0,71,0,0
923,MS,0,0,0,0,47,0,0
924,KY,0,0,0,0,51,0,0
925,NC,0,0,0,0,32,0,0
926,NV,0,0,0,0,56,0,0
927,UT,0,1,24,0,48,0,0
928,ME,0,1,24,0,53,0,0
929,HI,0,0,0,0,64,0,0
930,OH,0,0,0,0,57,0,0
931,WV,0,0,0,0,42,0,0
932,OK,0,0,0,0,69,0,0
933,KY,1,0,0,1,52,0,0
934,AL,0,0,0,0,44,0,0
935,MD,0,0,0,0,72,0,1
936,NE,0,1,37,0,62,0,0
937,DC,0,0,0,0,60,0,0
938,TX,0,0,0,0,52,0,0
939,OH,0,0,0,0,47,0,0
940,DE,0,0,0,0,62,0,0
941,IA,0,0,0,0,62,0,0
942,VT,0,0,0,0,61,0,0
943,OR,0,0,0,0,65,0,0
944,NV,0,1,28,1,55,0,1
945,NC,0,0,0,0,56,0,0
946,NJ,0,0,0,1,78,0,0
947,MN,0,1,28,0,56,0,0
948,ID,0,0,0,0,54,0,0
949,AL,0,0,0,0,70,0,0
950,AK,0,0,0,0,47,0,0
951,VT,0,0,0,0,58,0,1
952,PA,0,0,0,0,58,0,0
953,AK,0,1,39,0,58,0,0
954,CA,0,0,0,0,57,0,0
955,MS,0,1,34,0,57,0,0
956,AR,0,1,23,0,62,0,0
957,NV,1,0,0,0,60,0,0
958,AL,0,1,23,0,67,0,0
959,GA,0,0,0,0,50,0,0
960,AR,0,0,0,0,63,0,0
961,MA,0,0,0,0,72,0,0
962,NJ,0,0,0,0,60,0,0
963,MO,0,1,30,0,55,0,0
964,NY,0,1,31,0,62,0,0
965,AZ,0,0,0,0,59,0,0
966,NJ,0,1,22,1,63,0,0
967,WV,0,0,0,0,63,0,0
968,NM,0,1,33,1,61,0,0
969,SC,0,0,0,0,62,0,0
970,VT,0,0,0,0,62,0,0
971,TN,0,0,0,0,62,0,0
972,LA,0,0,0,0,62,0,0
973,OH,0,0,0,0,49,0,0
974,OR,0,1,31,0,56,0,1
975,DE,0,0,0,1,84,1,0
976,KY,0,0,0,0,48,0,0
977,GA,0,1,21,1,48,0,1
978,VT,0,0,0,1,83,1,1
979,OR,0,0,0,0,48,0,0
980,TX,0,0,0,0,59,0,0
981,MO,0,1,24,0,53,0,0
982,ND,0,1,33,0,52,0,0
983,MN,0,0,0,0,67,0,0
984,NV,0,0,0,0,61,0,0
985,NY,1,0,0,1,96,1,0
986,FL,0,1,15,0,43,0,0
987,KS,1,1,27,1,78,0,0
988,NV,0,0,0,0,53,0,0
989,NV,0,0,0,0,73,0,0
990,SC,0,1,31,0,69,0,0
991,MI,0,1,35,0,56,0,0
992,MI,0,1,26,0,33,0,0
993,TN,0,0,0,0,47,0,0
994,NY,0,1,33,0,75,0,0
995,NV,0,0,0,0,53,0,0
996,IL,0,0,0,0,48,0,0
997,MS,0,0,0,0,65,0,0
998,ND,0,0,0,0,62,0,0
999,NC,0,0,0,0,53,0,0
1000,MI,0,0,0,1,75,0,0
1001,TN,0,0,0,0,49,0,0
1002,VT,0,1,32,0,50,0,0
1003,OK,0,1,38,0,57,0,0
1004,DE,0,1,27,0,56,0,0
1005,ND,1,0,0,0,59,0,0
1006,OR,0,0,0,0,67,0,0
1007,NY,0,0,0,0,52,0,0
1008,MO,0,1,42,0,44,0,0
1009,FL,0,0,0,0,55,0,0
1010,ND,0,0,0,0,72,0,0
1011,NY,0,0,0,0,60,0,0
1012,ND,0,0,0,0,48,0,0
1013,NY,0,0,0,0,56,0,0
1014,OH,0,0,0,0,43,0,0
1015,AL,0,0,0,0,69,0,0
1016,SC,0,0,0,0,48,0,0
1017,GA,0,0,0,0,61,0,0
1018,WY,0,0,0,1,75,0,0
1019,WV,0,0,0,0,50,0,0
1020,HI,0,1,33,0,55,0,0
1021,WV,0,0,0,0,50,0,0
1022,LA,0,0,0,0,52,0,0
1023,AR,0,0,0,0,48,0,0
1024,AK,1,0,0,0,57,0,0
1025,DC,0,1,11,0,82,1,0
1026,AL,0,1,28,0,50,0,0
1027,UT,1,0,0,1,69,0,0
1028,KS,0,0,0,0,66,0,0
1029,MN,0,0,0,0,68,0,0
1030,VA,0,1,42,1,68,0,0
1031,UT,0,0,0,0,48,0,0
1032,IN,0,0,0,0,63,0,0
1033,CT,0,0,0,0,62,0,0
1034,DE,0,0,0,0,45,0,0
1035,VT,0,0,0,0,60,0,0
1036,MO,0,1,32,0,52,0,0
1037,RI,1,0,0,0,47,0,0
1038,CA,0,0,0,1,39,0,1
1039,RI,0,0,0,0,53,0,0
1040,CT,0,0,0,0,64,0,1
1041,IN,0,1,38,0,71,0,0
1042,FL,1,1,24,0,44,0,0
1043,KS,0,0,0,0,55,0,0
1044,NY,1,0,0,0,60,0,1
1045,TX,0,0,0,0,59,0,1
1046,RI,0,0,0,0,70,0,0
1047,NV,0,0,0,0,58,0,0
1048,UT,0,0,0,0,64,0,0
1049,OK,0,0,0,0,52,0,0
1050,MN,0,1,25,0,43,0,0
1051,NC,0,0,0,0,72,0,0
1052,OR,1,0,0,0,33,0,0
1053,NH,0,0,0,0,57,0,0
1054,AK,0,0,0,0,47,0,0
1055,OR,0,0,0,0,51,0,0
1056,KS,0,0,0,0,53,0,0
1057,WV,0,1,38,0,42,0,0
1058,GA,0,0,0,0,58,0,0
1059,NM,0,0,0,0,63,0,0
1060,OH,0,0,0,0,52,0,0
1061,ND,0,1,31,0,61,0,0
1062,RI,0,1,26,0,42,0,0
1063,HI,0,0,0,0,42,0,0
1064,WY,1,1,30,0,51,0,0
1065,NY,0,1,29,0,68,0,0
1066,KS,0,1,25,0,71,0,0
1067,LA,0,0,0,0,60,0,0
1068,PA,0,0,0,0,55,0,0
1069,NV,0,0,0,0,57,0,0
1070,MN,0,0,0,0,53,0,0
1071,PA,0,0,0,0,64,0,0
1072,MO,0,1,25,0,56,0,0
1073,NY,0,0,0,0,50,0,0
1074,ME,0,0,0,0,67,0,0
1075,NH,0,0,0,0,57,0,0
1076,WY,0,1,27,0,33,0,0
1077,NY,0,0,0,1,51,0,1
1078,ME,0,0,0,1,82,1,0
1079,MN,0,0,0,0,66,0,0
1080,OH,0,0,0,0,57,0,0
1081,NC,0,1,19,0,80,0,0
1082,SD,0,0,0,0,65,0,0
1083,UT,1,0,0,0,64,0,0
1084,KY,0,0,0,0,71,0,0
1085,MT,0,0,0,0,70,0,0
1086,NJ,0,0,0,0,56,0,0
1087,FL,0,0,0,0,68,0,0
1088,IN,0,1,42,0,50,0,0
1089,DE,0,0,0,0,62,0,0
1090,AL,0,0,0,0,53,0,0
1091,ME,0,0,0,0,56,0,0
1092,SD,0,0,0,0,55,0,0
1093,VA,0,0,0,0,43,0,0
1094,AK,0,0,0,0,67,0,0
1095,ID,0,0,0,0,72,0,0
1096,RI,0,0,0,0,52,0,0
1097,KY,0,1,29,0,81,1,0
1098,ND,0,0,0,0,58,0,0
1099,HI,0,0,0,0,68,0,0
1100,WI,0,1,35,0,69,0,0
1101,WV,0,0,0,0,58,0,0
1102,NJ,0,0,0,1,51,0,1
1103,KS,0,0,0,0,58,0,0
1104,AL,0,0,0,0,64,0,1
1105,NJ,0,1,28,1,65,0,0
1106,NC,0,0,0,0,62,0,0
1107,DE,0,1,29,0,57,0,0
1108,WY,0,0,0,0,58,0,0
1109,ID,0,0,0,0,51,0,0
1110,NY,0,0,0,0,59,0,0
1111,MO,0,0,0,0,57,0,0
1112,ID,0,0,0,0,47,0,0
1113,IA,0,0,0,0,64,0,0
1114,TN,0,1,15,0,64,0,0
1115,OH,0,0,0,1,56,0,0
1116,IL,0,0,0,0,63,0,0
1117,FL,1,0,0,0,62,0,0
1118,MA,0,0,0,0,56,0,0
1119,OK,0,0,0,0,66,0,0
1120,KY,0,0,0,0,50,0,0
1121,MI,0,0,0,1,54,0,1
1122,NE,0,0,0,1,66,0,0
1123,VA,0,1,24,0,57,0,0
1124,NY,0,0,0,0,61,0,0
1125,MT,0,0,0,0,48,0,0
1126,VT,0,1,19,0,44,0,0
1127,KS,0,1,19,0,62,0,0
1128,VA,1,1,31,0,57,0,0
1129,AL,0,0,0,0,39,0,0
1130,PA,0,0,0,0,36,0,0
1131,AL,0,1,25,0,65,0,0
1132,WV,0,1,37,0,42,0,0
1133,NV,0,0,0,1,52,0,1
1134,TN,0,0,0,0,64,0,0
1135,ID,0,1,33,0,72,0,0
1136,WY,1,1,26,1,79,0,0
1137,TX,0,1,34,0,60,0,0
1138,MA,0,0,0,0,54,0,0
1139,IL,0,0,0,0,64,0,0
1140,LA,0,1,39,0,62,0,0
1141,CO,0,0,0,0,62,0,0
1142,UT,0,0,0,1,46,0,1
1143,MI,0,1,29,0,67,0,0
1144,NH,0,0,0,0,58,0,0
1145,ID,0,0,0,0,51,0,0
1146,WA,0,0,0,0,55,0,0
1147,MN,0,1,32,0,70,0,0
1148,NY,0,0,0,0,49,0,0
1149,MD,1,0,0,0,43,0,0
1150,GA,0,0,0,1,54,0,1
1151,HI,0,1,24,0,58,0,0
1152,AL,0,0,0,0,56,0,0
1153,CT,0,0,0,0,41,0,0
1154,CO,0,1,26,0,62,0,0
1155,KS,0,0,0,1,50,0,1
1156,NJ,0,0,0,0,53,0,0
1157,FL,0,0,0,0,51,0,0
1158,CA,1,0,0,0,60,0,0
1159,KS,0,0,0,0,47,0,0
1160,TX,0,1,28,0,42,0,0
1161,MN,1,0,0,0,59,0,0
1162,AK,0,0,0,0,48,0,0
1163,OR,0,1,30,0,70,0,0
1164,MS,0,1,32,0,52,0,0
1165,VT,1,1,26,0,86,1,0
1166,UT,0,0,0,0,47,0,0
1167,KS,0,0,0,0,57,0,0
1168,NV,0,0,0,0,57,0,0
1169,DE,1,0,0,0,49,0,0
1170,IN,0,0,0,0,63,0,0
1171,TX,0,0,0,0,51,0,0
1172,MA,0,0,0,0,57,0,0
1173,VT,0,0,0,0,71,0,0
1174,CA,0,1,39,0,47,0,0
1175,IA,0,1,32,0,55,0,0
1176,NH,0,0,0,0,60,0,1
1177,GA,0,0,0,0,51,0,0
1178,WI,0,1,36,0,56,0,0
1179,CO,0,1,23,0,65,0,0
1180,SC,0,0,0,0,63,0,0
1181,MI,0,1,35,0,68,0,0
1182,MD,0,0,0,1,74,0,0
1183,IN,0,1,32,0,58,0,0
1184,ME,0,0,0,0,65,0,0
1185,DC,0,0,0,0,66,0,0
1186,TN,0,1,12,0,54,0,0
1187,FL,0,1,26,0,70,0,0
1188,WA,0,0,0,0,54,0,0
1189,HI,0,1,28,0,54,0,0
1190,NE,0,0,0,0,41,0,0
1191,TN,1,0,0,0,55,0,0
1192,MD,1,0,0,1,76,0,1
1193,NM,1,1,15,1,51,0,1
1194,VT,0,0,0,0,58,0,0
1195,OR,0,0,0,0,63,0,0
1196,IN,0,0,0,0,61,0,0
1197,MO,0,0,0,0,72,0,1
1198,FL,0,1,26,0,47,0,0
1199,DC,0,1,33,0,70,0,0
1200,VT,0,1,25,0,69,0,0
1201,OH,0,1,35,0,69,0,0
1202,MO,0,0,0,0,52,0,0
1203,LA,0,1,39,0,61,0,0
1204,IL,1,0,0,1,72,0,0
1205,NJ,0,0,0,0,60,0,0
1206,IA,0,1,25,0,51,0,0
1207,WA,0,1,25,0,52,0,0
1208,NE,0,0,0,0,62,0,0
1209,CT,1,1,35,0,63,0,0
1210,WV,0,0,0,0,71,0,0
1211,ND,0,0,0,0,61,0,0
1212,UT,0,0,0,0,60,0,0
1213,MS,0,0,0,0,66,0,0
1214,MN,0,0,0,0,51,0,0
1215,NH,0,0,0,0,62,0,0
1216,LA,0,0,0,0,48,0,0
1217,ME,0,1,31,0,58,0,1
1218,KS,0,1,28,0,74,0,0
1219,KS,0,0,0,0,60,0,0
1220,NV,0,0,0,0,54,0,0
1221,MT,0,0,0,0,52,0,0
1222,MT,0,0,0,0,65,0,0
1223,ID,0,1,31,0,61,0,0
1224,AK,0,0,0,0,52,0,0
1225,UT,0,0,0,0,37,0,0
1226,AR,0,0,0,0,57,0,0
1227,LA,0,1,33,0,55,0,0
1228,KS,0,1,37,0,57,0,0
1229,OR,0,0,0,0,47,0,0
1230,WI,0,0,0,0,69,0,0
1231,CO,0,0,0,1,75,0,0
1232,KS,0,0,0,1,69,0,0
1233,IL,0,0,0,0,33,0,0
1234,IA,0,0,0,0,45,0,0
1235,AZ,0,0,0,0,58,0,1
1236,NE,0,0,0,0,55,0,0
1237,ID,0,0,0,0,50,0,0
1238,OH,1,1,24,0,73,0,0
1239,TX,0,0,0,0,55,0,0
1240,TN,0,1,34,1,56,0,1
1241,OK,0,0,0,0,64,0,1
1242,ND,1,0,0,0,72,0,0
1243,MT,0,1,35,0,60,0,0
1244,NC,0,1,38,0,68,0,0
1245,MN,0,0,0,0,54,0,0
1246,MN,0,0,0,0,62,0,1
1247,MA,0,0,0,0,51,0,0
1248,PA,1,0,0,0,61,0,0
1249,GA,0,0,0,0,71,0,0
1250,NV,0,0,0,0,45,0,0
1251,TX,0,0,0,0,56,0,0
1252,ME,0,0,0,0,64,0,0
1253,RI,1,0,0,0,63,0,1
1254,MN,0,1,33,1,64,0,0
1255,NH,0,0,0,0,51,0,0
1256,TN,0,0,0,0,54,0,0
1257,UT,0,0,0,0,58,0,0
1258,RI,1,0,0,0,68,0,0
1259,NH,0,1,20,0,56,0,0
1260,AK,0,1,22,0,45,0,0
1261,NC,0,0,0,0,55,0,0
1262,AZ,0,0,0,0,58,0,1
1263,MA,0,1,31,1,57,0,0
1264,TN,0,0,0,0,48,0,0
1265,WY,0,1,39,0,74,0,0
1266,IA,0,0,0,0,49,0,0
1267,IN,0,0,0,0,61,0,0
1268,NJ,0,0,0,0,67,0,0
1269,FL,0,1,45,1,49,0,1
1270,MT,0,0,0,0,63,0,0
1271,ND,1,1,37,0,77,0,0
1272,MI,0,0,0,0,60,0,1
1273,MT,0,0,0,1,45,0,1
1274,AL,0,0,0,0,56,0,0
1275,NV,0,1,27,0,47,0,0
1276,MI,0,0,0,1,78,0,0
1277,FL,0,1,24,0,65,0,0
1278,NY,0,0,0,1,75,0,0
1279,KS,0,0,0,0,56,0,0
1280,NC,0,0,0,1,52,0,0
1281,MN,0,0,0,0,53,0,0
1282,RI,0,0,0,0,73,0,1
1283,UT,0,0,0,0,42,0,0
1284,OR,0,0,0,1,77,0,1
1285,SC,0,1,46,0,66,0,1
1286,IL,0,1,14,0,47,0,0
1287,OH,0,0,0,0,54,0,0
1288,MA,0,0,0,0,66,0,0
1289,OR,0,0,0,0,51,0,0
1290,CA,0,0,0,0,70,0,0
1291,WV,0,1,30,0,59,0,0
1292,VT,0,0,0,0,67,0,0
1293,ID,0,0,0,0,65,0,0
1294,OR,0,0,0,0,47,0,0
1295,GA,0,0,0,0,58,0,0
1296,ME,0,0,0,0,68,0,0
1297,HI,0,1,31,0,63,0,0
1298,AZ,0,1,22,0,73,0,0
1299,UT,0,0,0,1,75,0,0
1300,IA,0,0,0,0,60,0,0
1301,CT,0,0,0,0,43,0,0
1302,WA,0,0,0,1,74,0,0
1303,VA,0,0,0,0,64,0,0
1304,CO,0,0,0,0,44,0,0
1305,LA,0,0,0,0,54,0,0
1306,TX,0,0,0,1,62,0,0
1307,SD,0,0,0,0,58,0,0
1308,VA,0,0,0,0,58,0,0
1309,NY,1,0,0,0,58,0,0
1310,WA,0,0,0,1,39,0,0
1311,WI,0,0,0,0,61,0,0
1312,TN,0,0,0,0,57,0,0
1313,CT,0,0,0,0,59,0,0
1314,WA,0,0,0,0,52,0,0
1315,NH,0,0,0,0,60,0,0
1316,MT,0,0,0,0,61,0,0
1317,NE,0,1,29,0,70,0,0
1318,WA,0,0,0,0,60,0,0
1319,WI,0,0,0,0,68,0,0
1320,AR,0,1,31,0,58,0,0
1321,WI,0,0,0,0,62,0,0
1322,DE,1,0,0,1,45,0,0
1323,NH,0,0,0,0,65,0,0
1324,VA,0,0,0,0,55,0,0
1325,TN,0,1,31,1,54,0,1
1326,VA,0,0,0,0,67,0,0
1327,ID,0,0,0,1,40,0,0
1328,TN,0,0,0,0,64,0,0
1329,AZ,0,0,0,0,50,0,0
1330,MT,0,1,29,0,57,0,0
1331,OK,0,0,0,0,64,0,0
1332,ID,0,1,32,0,65,0,0
1333,NV,0,1,30,0,65,0,0
1334,KS,0,0,0,1,79,0,0
1335,WY,0,0,0,0,58,0,0
1336,MS,0,0,0,0,72,0,0
1337,WY,1,0,0,1,66,0,0
1338,TX,0,0,0,0,57,0,0
1339,WA,1,0,0,1,52,0,1
1340,HI,0,0,0,0,60,0,0
1341,IL,0,1,28,0,71,0,0
1342,AK,0,1,24,0,54,0,0
1343,MD,0,0,0,0,60,0,0
1344,MA,0,0,0,1,74,0,0
1345,SD,0,0,0,1,22,0,1
1346,PA,1,0,0,1,49,0,0
1347,NC,0,0,0,0,67,0,0
1348,VT,0,0,0,0,58,0,0
1349,KY,0,1,22,0,49,0,0
1350,WA,0,0,0,1,82,1,0
1351,LA,0,0,0,0,42,0,0
1352,WA,0,1,16,0,46,0,0
1353,ME,0,0,0,0,52,0,0
1354,WI,0,0,0,0,54,0,0
1355,TX,0,1,31,0,84,1,0
1356,IA,0,0,0,0,53,0,0
1357,AZ,0,0,0,0,55,0,0
1358,ND,0,0,0,0,70,0,0
1359,VT,0,0,0,1,71,0,0
1360,HI,0,0,0,0,41,0,0
1361,WY,0,0,0,0,69,0,0
1362,WV,0,0,0,0,38,0,0
1363,OK,0,1,31,0,51,0,0
1364,CT,0,0,0,1,78,0,0
1365,UT,0,0,0,0,61,0,0
1366,NY,0,0,0,0,43,0,0
1367,VA,1,0,0,0,66,0,0
1368,VT,0,0,0,0,61,0,1
1369,SD,0,0,0,0,60,0,0
1370,PA,0,0,0,0,58,0,0
1371,ND,0,0,0,0,61,0,0
1372,CT,0,0,0,0,44,0,0
1373,SC,0,0,0,1,46,0,1
1374,MI,0,1,32,0,58,0,0
1375,VT,0,1,42,0,70,0,0
1376,OH,0,0,0,1,76,0,1
1377,VT,0,1,34,0,48,0,0
1378,IL,1,1,43,0,58,0,0
1379,MO,0,0,0,0,65,0,0
1380,WI,0,0,0,0,43,0,0
1381,NJ,0,0,0,0,60,0,0
1382,GA,0,1,39,0,75,0,0
1383,VT,0,1,21,0,53,0,0
1384,CT,0,0,0,0,35,0,0
1385,AZ,0,0,0,0,45,0,0
1386,SD,0,1,35,0,51,0,0
1387,CT,0,0,0,0,49,0,0
1388,IN,1,0,0,0,58,0,1
1389,OH,0,0,0,0,65,0,0
1390,NY,0,0,0,0,37,0,0
1391,NE,0,1,29,0,55,0,0
1392,OK,0,0,0,1,74,0,0
1393,NC,0,0,0,0,71,0,0
1394,HI,0,0,0,0,71,0,0
1395,UT,0,0,0,0,53,0,0
1396,MD,1,1,27,0,57,0,1
1397,VT,0,0,0,0,25,0,0
1398,TX,0,1,19,0,52,0,0
1399,AZ,0,0,0,0,60,0,1
1400,VA,0,0,0,0,47,0,0
1401,WI,0,0,0,0,59,0,0
1402,NE,0,0,0,0,66,0,0
1403,KY,0,0,0,0,50,0,0
1404,NV,0,1,39,0,43,0,0
1405,MT,0,0,0,1,44,0,1
1406,MO,0,0,0,0,57,0,0
1407,MS,0,1,31,1,49,0,1
1408,NM,0,0,0,0,53,0,0
1409,NJ,0,1,30,0,64,0,0
1410,NH,0,0,0,0,60,0,0
1411,NC,0,0,0,0,54,0,0
1412,MT,0,1,24,0,54,0,0
1413,SD,0,1,20,0,60,0,0
1414,VA,0,0,0,0,57,0,0
1415,LA,0,0,0,0,53,0,0
1416,NV,0,0,0,0,66,0,0
1417,AK,0,0,0,0,40,0,0
1418,OH,1,1,37,0,63,0,0
1419,NM,0,0,0,0,39,0,0
1420,MI,1,0,0,1,54,0,0
1421,MN,0,1,20,0,75,0,0
1422,WY,0,1,31,0,59,0,0
1423,WY,1,1,28,0,39,0,0
1424,WA,0,0,0,0,55,0,0
1425,NM,0,0,0,0,51,0,0
1426,VA,0,1,30,0,53,0,0
1427,RI,0,0,0,0,66,0,0
1428,AL,1,0,0,0,66,0,0
1429,WV,0,1,38,0,64,0,0
1430,WV,0,1,34,0,68,0,0
1431,NJ,0,0,0,0,66,0,0
1432,TN,0,0,0,0,54,0,0
1433,MI,0,0,0,0,64,0,0
1434,UT,0,1,37,0,51,0,0
1435,IL,1,1,19,1,49,0,0
1436,MI,0,1,26,0,67,0,0
1437,WI,1,1,34,0,72,0,1
1438,ND,0,0,0,0,68,0,0
1439,VT,0,0,0,0,54,0,0
1440,WA,0,0,0,0,50,0,0
1441,NC,0,1,47,0,75,0,0
1442,ME,0,0,0,1,62,0,0
1443,SD,1,0,0,0,59,0,0
1444,WV,0,0,0,0,65,0,0
1445,ID,0,1,8,0,72,0,0
1446,LA,0,1,28,0,44,0,0
1447,GA,0,0,0,0,56,0,0
1448,FL,0,0,0,0,65,0,1
1449,CO,0,0,0,0,72,0,1
1450,NV,0,0,0,0,46,0,0
1451,IN,0,1,33,0,64,0,0
1452,VA,0,0,0,0,52,0,0
1453,UT,0,1,40,0,62,0,0
1454,UT,0,1,44,1,61,0,0
1455,MO,0,0,0,0,60,0,0
1456,CT,0,1,33,0,43,0,0
1457,HI,0,0,0,0,46,0,0
1458,MD,0,0,0,0,54,0,0
1459,VA,0,0,0,0,63,0,0
1460,MT,0,0,0,0,57,0,0
1461,SC,0,0,0,0,40,0,0
1462,CO,0,0,0,0,57,0,0
1463,ID,0,0,0,0,57,0,0
1464,AL,0,0,0,0,64,0,0
1465,CO,0,0,0,0,44,0,0
1466,UT,0,0,0,0,39,0,0
1467,DE,1,1,35,1,63,0,0
1468,OH,0,1,27,0,47,0,0
1469,RI,0,1,27,0,62,0,0
1470,FL,0,1,41,0,53,0,0
1471,OH,0,0,0,0,60,0,0
1472,MD,1,0,0,1,79,0,0
1473,IL,1,0,0,0,72,0,0
1474,PA,0,0,0,0,48,0,0
1475,AZ,0,0,0,0,36,0,0
1476,NH,0,1,35,0,61,0,0
1477,RI,0,0,0,0,65,0,0
1478,HI,0,0,0,0,71,0,0
1479,NJ,0,1,16,0,65,0,0
1480,WI,0,0,0,0,43,0,0
1481,MD,0,1,34,0,58,0,0
1482,OR,0,0,0,0,61,0,0
1483,NV,1,0,0,0,69,0,0
1484,AR,1,0,0,1,52,0,0
1485,MT,0,0,0,0,49,0,0
1486,CT,0,0,0,0,55,0,0
1487,UT,0,1,44,0,72,0,0
1488,GA,0,0,0,0,64,0,0
1489,NV,0,0,0,0,48,0,0
1490,TN,0,0,0,0,69,0,0
1491,DE,0,0,0,0,61,0,0
1492,NY,0,0,0,0,72,0,0
1493,MT,0,1,30,1,49,0,1
1494,IA,0,0,0,0,63,0,0
1495,VT,0,1,32,0,71,0,0
1496,LA,0,1,36,0,54,0,0
1497,MT,0,0,0,0,55,0,0
1498,NH,0,0,0,0,64,0,0
1499,WV,0,0,0,0,53,0,0
1500,ID,0,0,0,0,63,0,0
1501,AZ,0,0,0,0,67,0,0
1502,SC,0,1,40,0,64,0,1
1503,WV,1,1,17,0,68,0,0
1504,OH,0,0,0,0,59,0,0
1505,MD,0,0,0,0,68,0,0
1506,MD,0,0,0,0,71,0,0
1507,MN,0,0,0,0,61,0,0
1508,NE,0,0,0,0,62,0,0
1509,MN,0,1,40,0,67,0,0
1510,NY,0,0,0,0,72,0,0
1511,HI,0,0,0,0,69,0,0
1512,MO,0,1,14,0,56,0,0
1513,NV,0,0,0,0,70,0,0
1514,MA,0,0,0,0,60,0,0
1515,NH,0,0,0,0,48,0,0
1516,UT,0,0,0,1,71,0,0
1517,FL,0,0,0,0,64,0,0
1518,WA,0,0,0,0,53,0,0
1519,CT,0,0,0,0,60,0,0
1520,KY,0,1,35,0,55,0,0
1521,NM,0,0,0,0,62,0,0
1522,ND,0,0,0,0,55,0,0
1523,NV,0,0,0,0,48,0,0
1524,CA,0,1,19,0,45,0,0
1525,ID,0,0,0,0,42,0,0
1526,OK,0,1,23,0,66,0,0
1527,IA,0,0,0,0,52,0,0
1528,OH,0,0,0,1,62,0,0
1529,NJ,0,0,0,0,53,0,0
1530,IA,0,0,0,1,77,0,0
1531,DE,1,0,0,1,33,0,1
1532,CA,0,1,18,1,50,0,0
1533,WY,1,0,0,1,75,0,0
1534,OR,0,0,0,1,74,0,0
1535,ME,0,0,0,0,67,0,0
1536,AR,0,0,0,0,40,0,0
1537,ME,1,1,21,1,54,0,1
1538,WV,0,0,0,1,30,0,1
1539,PA,1,0,0,0,60,0,0
1540,HI,0,0,0,0,42,0,0
1541,MT,0,1,36,0,67,0,0
1542,DC,1,0,0,0,71,0,0
1543,AR,0,0,0,0,60,0,0
1544,MS,0,0,0,0,53,0,0
1545,OH,0,1,38,0,60,0,0
1546,MO,0,0,0,0,49,0,0
1547,TX,0,0,0,0,49,0,0
1548,MD,0,0,0,0,71,0,0
1549,CT,0,0,0,0,47,0,0
1550,SC,0,0,0,0,35,0,0
1551,MI,0,0,0,1,63,0,0
1552,SD,0,0,0,0,51,0,0
1553,CO,0,0,0,0,68,0,0
1554,ID,0,0,0,0,65,0,0
1555,AZ,0,1,22,0,58,0,0
1556,FL,0,0,0,0,65,0,0
1557,MN,0,1,32,0,59,0,0
1558,DE,0,1,34,0,53,0,0
1559,MI,0,0,0,0,67,0,0
1560,MS,0,0,0,0,57,0,0
1561,MA,0,0,0,0,55,0,0
1562,CA,0,0,0,0,56,0,0
1563,MN,0,1,39,0,57,0,0
1564,VT,0,0,0,0,46,0,0
1565,CT,0,0,0,0,43,0,0
1566,WV,0,1,38,0,69,0,0
1567,WV,0,0,0,0,50,0,0
1568,NE,0,1,27,0,53,0,0
1569,NC,0,1,31,0,61,0,0
1570,NE,0,0,0,0,58,0,0
1571,IL,0,0,0,0,64,0,0
1572,MA,0,0,0,0,57,0,0
1573,AZ,0,1,14,0,51,0,0
1574,SD,1,1,40,0,69,0,0
1575,MT,0,1,35,0,51,0,0
1576,VT,0,0,0,0,48,0,0
1577,UT,0,0,0,0,58,0,0
1578,HI,0,0,0,0,52,0,0
1579,DC,0,1,38,0,54,0,0
1580,WI,0,1,29,0,79,0,0
1581,UT,0,1,34,0,60,0,0
1582,WA,0,0,0,0,50,0,0
1583,SD,0,1,25,0,71,0,0
1584,MT,0,0,0,0,54,0,0
1585,NJ,0,0,0,1,74,0,0
1586,CT,0,0,0,0,38,0,0
1587,VA,0,0,0,0,63,0,0
1588,NC,1,0,0,0,60,0,0
1589,AK,0,0,0,0,51,0,0
1590,MD,0,1,39,0,66,0,0
1591,IL,0,1,29,0,60,0,0
1592,CT,0,0,0,0,47,0,0
1593,KS,1,0,0,1,84,1,0
1594,MA,0,1,31,0,42,0,0
1595,NJ,0,0,0,0,55,0,0
1596,AR,0,1,49,0,63,0,0
1597,MS,0,0,0,0,56,0,0
1598,ND,0,1,29,0,45,0,0
1599,IN,0,0,0,0,63,0,0
1600,MI,0,1,26,0,59,0,0
1601,AR,1,0,0,1,81,1,0
1602,VT,1,1,44,0,69,0,0
1603,WV,0,1,33,0,46,0,0
1604,ME,0,0,0,0,51,0,0
1605,IA,0,0,0,0,52,0,0
1606,CT,0,0,0,0,71,0,0
1607,NM,0,1,19,0,50,0,0
1608,OR,0,1,25,0,69,0,0
1609,VT,0,0,0,0,64,0,0
1610,RI,1,0,0,0,69,0,1
1611,RI,0,1,20,0,42,0,0
1612,NM,0,0,0,0,63,0,0
1613,AL,0,0,0,0,61,0,0
1614,MT,0,0,0,1,76,0,0
1615,CT,0,0,0,0,59,0,0
1616,TN,0,0,0,0,60,0,0
1617,ID,1,0,0,0,53,0,0
1618,TX,0,1,39,0,59,0,0
1619,NH,0,0,0,1,47,0,1
1620,ND,0,1,35,0,64,0,0
1621,SC,0,1,21,0,25,0,0
1622,KS,0,0,0,0,61,0,0
1623,ME,0,0,0,0,57,0,0
1624,RI,0,0,0,0,66,0,0
1625,WI,0,1,38,0,78,0,0
1626,NC,0,0,0,0,59,0,0
1627,OH,0,0,0,0,57,0,0
1628,WY,0,0,0,0,41,0,0
1629,NJ,0,0,0,0,55,0,0
1630,ND,0,0,0,0,65,0,0
1631,WI,0,0,0,0,57,0,0
1632,KY,0,0,0,0,56,0,0
1633,NY,0,0,0,0,63,0,0
1634,MO,0,0,0,0,60,0,0
1635,AZ,0,0,0,1,52,0,1
1636,MN,0,1,29,0,66,0,0
1637,CO,0,0,0,0,69,0,0
1638,MD,0,0,0,1,52,0,1
1639,AR,0,0,0,0,52,0,0
1640,TN,0,0,0,0,64,0,0
1641,DE,1,0,0,0,68,0,0
1642,TN,0,0,0,0,34,0,0
1643,WI,0,0,0,0,53,0,0
1644,WV,0,0,0,0,56,0,0
1645,CT,0,1,36,0,87,1,0
1646,MN,0,0,0,1,77,0,0
1647,MO,0,0,0,0,60,0,0
1648,VA,0,0,0,0,64,0,0
1649,NH,0,0,0,0,38,0,0
1650,OK,0,1,31,0,72,0,0
1651,CT,1,0,0,1,58,0,0
1652,TN,0,1,23,0,71,0,0
1653,MD,1,0,0,1,51,0,0
1654,WI,0,1,12,0,37,0,0
1655,SD,0,0,0,0,53,0,0
1656,ND,0,1,28,0,53,0,0
1657,VA,0,0,0,0,47,0,0
1658,UT,0,0,0,0,57,0,0
1659,MA,0,1,36,0,57,0,0
1660,SD,0,0,0,0,67,0,0
1661,AL,0,1,38,0,66,0,0
1662,AL,1,0,0,1,52,0,1
1663,WV,0,0,0,0,60,0,0
1664,SC,0,1,33,0,61,0,0
1665,FL,0,1,31,0,52,0,0
1666,KY,0,0,0,0,63,0,0
1667,UT,0,0,0,0,56,0,0
1668,NY,0,0,0,0,54,0,0
1669,MS,0,1,35,0,68,0,0
1670,NH,0,1,24,0,51,0,0
1671,VA,0,0,0,0,63,0,0
1672,VT,0,0,0,0,60,0,0
1673,WY,0,0,0,0,64,0,1
1674,NV,1,0,0,1,73,0,0
1675,WV,0,0,0,0,55,0,0
1676,WA,0,0,0,0,46,0,0
1677,KS,0,0,0,0,58,0,0
1678,VT,0,0,0,0,58,0,0
1679,OK,0,0,0,1,88,1,0
1680,GA,0,0,0,0,60,0,0
1681,CO,0,0,0,0,56,0,0
1682,AK,0,1,29,0,51,0,0
1683,TN,0,1,30,0,67,0,0
1684,KY,0,0,0,0,39,0,0
1685,PA,0,0,0,0,48,0,0
1686,CT,0,1,40,0,72,0,0
1687,CT,0,0,0,0,31,0,0
1688,MN,0,0,0,0,38,0,0
1689,WY,0,1,39,0,46,0,0
1690,PA,0,1,15,0,68,0,0
1691,OR,0,0,0,1,75,0,0
1692,PA,0,0,0,1,74,0,0
1693,OK,0,1,27,0,66,0,0
1694,VT,0,0,0,1,52,0,1
1695,ID,0,0,0,0,67,0,0
1696,PA,0,0,0,0,63,0,0
1697,NM,0,0,0,0,59,0,0
1698,FL,0,0,0,0,63,0,0
1699,TX,0,0,0,0,60,0,1
1700,VT,0,1,32,0,58,0,0
1701,MA,0,0,0,1,84,1,0
1702,OR,0,0,0,1,52,0,1
1703,DE,0,1,26,0,58,0,0
1704,FL,0,0,0,1,76,0,0
1705,ID,0,1,29,0,64,0,0
1706,MD,0,0,0,0,71,0,0
1707,WV,0,0,0,1,46,0,1
1708,ID,0,1,23,0,58,0,1
1709,NV,0,0,0,0,65,0,0
1710,OH,0,0,0,0,63,0,0
1711,ID,1,1,17,0,62,0,0
1712,SC,0,0,0,0,58,0,1
1713,MO,0,0,0,1,49,0,1
1714,NE,0,0,0,0,56,0,0
1715,NC,0,1,36,0,52,0,0
1716,ME,0,1,25,0,55,0,0
1717,MI,0,0,0,0,54,0,0
1718,AZ,1,0,0,1,74,0,0
1719,AZ,0,0,0,0,56,0,0
1720,HI,0,0,0,0,53,0,0
1721,NJ,0,0,0,0,62,0,0
1722,MS,0,0,0,0,40,0,0
1723,MA,0,0,0,0,62,0,0
1724,SC,0,0,0,0,38,0,0
1725,MN,0,0,0,0,55,0,0
1726,WV,0,0,0,0,52,0,0
1727,MS,0,0,0,0,45,0,0
1728,VA,0,1,23,0,57,0,1
1729,MS,0,1,36,0,42,0,0
1730,NM,0,0,0,0,54,0,0
1731,TX,0,0,0,1,80,0,0
1732,HI,0,1,43,0,54,0,0
1733,WA,0,0,0,0,55,0,0
1734,WI,0,0,0,0,65,0,0
1735,CO,0,0,0,0,49,0,0
1736,NV,0,0,0,1,76,0,0
1737,RI,0,0,0,0,53,0,0
1738,VA,0,1,25,0,65,0,0
1739,NJ,0,0,0,1,80,0,0
1740,ND,0,1,31,0,56,0,0
1741,MN,0,0,0,0,73,0,0
1742,HI,0,0,0,0,38,0,0
1743,ND,0,0,0,0,73,0,0
1744,WI,0,1,26,0,75,0,0
1745,MN,0,0,0,0,64,0,0
1746,DC,0,0,0,1,63,0,0
1747,KS,0,0,0,0,53,0,0
1748,MT,0,1,23,0,67,0,0
1749,WV,0,0,0,0,51,0,0
1750,ME,0,0,0,1,47,0,0
1751,WY,0,0,0,0,64,0,0
1752,NY,1,0,0,1,53,0,0
1753,VT,0,0,0,0,54,0,0
1754,NC,1,0,0,1,63,0,0
1755,MO,1,1,15,0,51,0,0
1756,NC,1,1,39,0,44,0,0
1757,NJ,1,0,0,0,56,0,0
1758,OH,0,0,0,0,68,0,0
1759,TX,0,1,35,0,66,0,0
1760,WA,0,0,0,0,68,0,0
1761,TN,0,1,28,0,73,0,0
1762,HI,0,0,0,0,55,0,0
1763,WY,0,1,42,0,62,0,0
1764,CT,0,0,0,1,76,0,0
1765,NM,0,0,0,1,50,0,1
1766,NJ,0,0,0,0,53,0,0
1767,AL,0,1,14,0,53,0,0
1768,MN,1,0,0,1,50,0,0
1769,NC,0,0,0,0,62,0,0
1770,OH,0,0,0,0,59,0,0
1771,ND,0,1,39,0,47,0,0
1772,CO,0,0,0,0,52,0,0
1773,ND,1,1,40,0,64,0,0
1774,NY,0,0,0,0,70,0,0
1775,WI,0,1,24,0,79,0,0
1776,WY,0,0,0,0,62,0,0
1777,OR,0,0,0,1,74,0,0
1778,CO,0,1,39,0,47,0,0
1779,LA,0,0,0,0,62,0,0
1780,AL,0,0,0,0,58,0,0
1781,TX,0,1,21,0,62,0,0
1782,PA,0,0,0,0,59,0,0
1783,IL,0,1,29,0,46,0,0
1784,DE,1,0,0,1,59,0,0
1785,MO,0,1,29,0,54,0,0
1786,AR,0,0,0,0,54,0,0
1787,OH,0,1,31,0,64,0,0
1788,WI,0,1,34,0,57,0,0
1789,GA,0,0,0,0,51,0,0
1790,KY,0,0,0,0,61,0,0
1791,OH,0,0,0,0,52,0,0
1792,TN,0,0,0,0,51,0,0
1793,SD,0,0,0,0,65,0,0
1794,NY,0,0,0,1,79,0,0
1795,GA,0,1,29,0,59,0,0
1796,TX,0,0,0,0,49,0,0
1797,WV,0,1,47,0,53,0,0
1798,MI,0,0,0,0,68,0,0
1799,ND,0,0,0,0,47,0,0
1800,NE,0,0,0,0,71,0,0
1801,SD,0,0,0,0,61,0,0
1802,NJ,0,1,36,0,70,0,1
1803,AK,0,0,0,0,63,0,0
1804,CT,1,0,0,1,59,0,0
1805,CO,0,0,0,0,68,0,0
1806,MD,0,0,0,0,63,0,0
1807,ND,0,0,0,0,59,0,0
1808,NH,0,0,0,0,70,0,0
1809,MN,0,0,0,0,61,0,0
1810,KY,0,0,0,0,66,0,0
1811,NH,0,0,0,0,52,0,0
1812,CO,1,0,0,0,73,0,0
1813,KY,0,0,0,0,55,0,0
1814,KY,0,0,0,0,60,0,0
1815,IN,0,1,42,0,59,0,0
1816,OR,0,0,0,0,61,0,0
1817,SD,0,0,0,0,51,0,0
1818,DE,0,0,0,0,56,0,0
1819,OR,0,1,17,0,64,0,0
1820,NE,0,0,0,0,48,0,0
1821,OH,0,1,39,0,75,0,0
1822,OH,0,0,0,0,52,0,0
1823,AR,0,1,23,0,70,0,0
1824,KS,0,1,26,0,64,0,0
1825,TX,0,0,0,0,63,0,0
1826,WI,0,0,0,0,58,0,0
1827,OR,0,0,0,0,58,0,0
1828,VA,0,0,0,0,53,0,0
1829,AR,0,1,25,0,63,0,0
1830,CT,0,0,0,0,71,0,0
1831,OH,0,1,42,0,63,0,1
1832,WY,0,0,0,0,61,0,0
1833,IL,0,0,0,0,69,0,0
1834,MO,0,1,29,0,66,0,0
1835,DC,0,1,37,0,58,0,1
1836,MA,0,1,17,0,62,0,0
1837,NH,1,0,0,1,45,0,0
1838,IA,0,1,26,0,61,0,0
1839,AL,0,0,0,0,60,0,0
1840,OR,0,1,22,0,59,0,0
1841,WV,0,1,21,0,50,0,0
1842,WA,0,0,0,1,76,0,0
1843,NV,0,0,0,0,58,0,0
1844,SC,0,1,28,1,56,0,1
1845,NC,1,0,0,1,66,0,0
1846,NH,0,1,43,0,55,0,0
1847,WY,0,1,39,0,51,0,0
1848,FL,1,0,0,0,49,0,0
1849,PA,0,0,0,1,75,0,0
1850,NC,0,1,26,1,61,0,0
1851,MO,0,0,0,1,53,0,1
1852,KS,0,1,25,0,53,0,0
1853,KY,0,0,0,0,62,0,0
1854,DE,0,0,0,0,61,0,0
1855,WI,0,0,0,0,37,0,0
1856,CO,0,0,0,0,63,0,0
1857,NM,0,0,0,1,76,0,0
1858,DE,0,0,0,0,72,0,0
1859,IL,0,0,0,0,63,0,0
1860,WA,0,0,0,0,70,0,0
1861,MA,1,1,16,1,48,0,0
1862,OH,1,0,0,1,74,0,0
1863,TN,1,0,0,0,59,0,0
1864,MA,0,0,0,0,67,0,0
1865,MI,0,0,0,1,50,0,1
1866,TX,0,0,0,1,47,0,0
1867,NH,1,1,25,0,58,0,0
1868,MD,0,0,0,0,65,0,0
1869,MS,0,0,0,1,80,0,0
1870,AZ,0,0,0,0,64,0,0
1871,IN,0,0,0,0,62,0,0
1872,NY,1,0,0,0,51,0,0
1873,WI,0,1,25,0,64,0,0
1874,WV,0,0,0,0,57,0,0
1875,NY,0,0,0,0,55,0,0
1876,OK,0,0,0,0,57,0,0
1877,NC,1,0,0,0,64,0,0
1878,KY,0,0,0,1,82,1,0
1879,TX,0,0,0,0,50,0,0
1880,CT,0,0,0,1,55,0,1
1881,NE,0,0,0,1,79,0,0
1882,HI,1,1,33,0,65,0,0
1883,SC,0,1,28,0,52,0,0
1884,AK,1,1,12,0,52,0,0
1885,SD,0,0,0,0,70,0,0
1886,ID,0,0,0,0,45,0,0
1887,OK,1,1,28,1,47,0,0
1888,WA,0,0,0,0,63,0,0
1889,SD,0,0,0,1,48,0,0
1890,OH,0,0,0,0,64,0,1
1891,VA,0,0,0,0,63,0,0
1892,WI,1,0,0,1,63,0,0
1893,IN,0,0,0,1,78,0,0
1894,NM,0,0,0,0,48,0,0
1895,HI,0,1,21,0,59,0,0
1896,KY,0,0,0,0,60,0,0
1897,OH,0,1,29,0,70,0,0
1898,VT,0,0,0,1,75,0,0
1899,AZ,0,1,40,0,47,0,0
1900,VT,0,0,0,0,69,0,0
1901,MO,0,0,0,0,64,0,0
1902,AL,0,0,0,0,65,0,0
1903,NJ,1,1,38,1,61,0,0
1904,WA,0,1,33,1,55,0,1
1905,NY,0,0,0,0,58,0,0
1906,DC,0,1,39,0,43,0,0
1907,NE,0,1,28,0,64,0,0
1908,MA,0,1,45,0,44,0,0
1909,VT,0,1,36,0,70,0,0
1910,NM,0,0,0,0,44,0,0
1911,CO,0,0,0,0,62,0,1
1912,NH,0,0,0,1,52,0,1
1913,IL,0,0,0,0,54,0,0
1914,UT,0,1,25,0,46,0,0
1915,WV,0,0,0,0,68,0,0
1916,NJ,0,0,0,0,55,0,0
1917,NM,0,0,0,0,57,0,0
1918,ND,0,0,0,0,61,0,0
1919,WA,0,0,0,1,43,0,1
1920,NM,0,0,0,0,64,0,0
1921,DE,0,0,0,0,43,0,0
1922,GA,0,0,0,0,65,0,1
1923,HI,0,0,0,0,71,0,0
1924,CT,0,0,0,0,63,0,0
1925,NJ,0,0,0,0,62,0,0
1926,ME,0,0,0,0,55,0,0
1927,OK,0,0,0,0,50,0,0
1928,TN,0,0,0,0,50,0,0
1929,WY,0,0,0,0,58,0,0
1930,NY,0,0,0,0,55,0,0
1931,DE,1,0,0,0,66,0,0
1932,RI,0,0,0,0,62,0,0
1933,PA,0,0,0,1,79,0,0
1934,HI,0,0,0,1,84,1,0
1935,MD,1,1,42,1,51,0,0
1936,VA,0,0,0,0,38,0,0
1937,IN,0,1,33,0,58,0,0
1938,OR,0,1,30,0,51,0,0
1939,AZ,0,0,0,1,51,0,0
1940,WI,0,0,0,0,56,0,0
1941,VA,0,0,0,0,59,0,0
1942,MO,0,0,0,0,63,0,0
1943,NV,0,0,0,0,57,0,0
1944,HI,0,1,30,0,58,0,0
1945,WA,0,0,0,0,68,0,0
1946,IL,0,0,0,0,58,0,0
1947,IL,0,0,0,0,62,0,0
1948,LA,0,0,0,0,59,0,0
1949,WI,0,0,0,0,60,0,0
1950,TX,0,0,0,1,47,0,1
1951,MI,1,1,26,0,46,0,0
1952,NC,0,0,0,0,58,0,0
1953,WA,0,0,0,0,67,0,0
1954,ND,0,0,0,1,76,0,0
1955,NE,0,0,0,0,63,0,0
1956,MS,0,1,30,0,62,0,0
1957,KY,0,0,0,0,63,0,0
1958,RI,0,0,0,0,42,0,0
1959,NY,0,1,31,0,67,0,0
1960,TX,0,0,0,0,40,0,0
1961,DE,0,0,0,0,51,0,0
1962,NM,0,0,0,0,53,0,0
1963,RI,0,0,0,0,45,0,0
1964,MS,0,0,0,0,57,0,0
1965,NY,0,0,0,1,67,0,0
1966,NE,0,0,0,0,55,0,0
1967,WI,0,0,0,0,53,0,0
1968,KY,0,0,0,0,55,0,0
1969,SD,0,1,20,0,54,0,0
1970,VA,0,0,0,0,59,0,1
1971,KS,0,1,32,0,69,0,0
1972,ND,0,0,0,0,56,0,0
1973,CO,0,1,21,0,76,0,1
1974,KY,0,1,20,1,55,0,1
1975,WA,0,0,0,0,46,0,0
1976,NV,0,1,27,0,68,0,0
1977,SC,1,0,0,1,69,0,0
1978,RI,1,0,0,1,59,0,0
1979,ID,0,0,0,0,63,0,0
1980,KY,0,0,0,0,59,0,1
1981,ME,0,0,0,0,52,0,0
1982,SD,0,0,0,0,62,0,0
1983,SC,0,1,4,0,56,0,0
1984,TN,0,0,0,1,77,0,0
1985,MT,0,1,16,0,49,0,0
1986,WI,0,0,0,0,23,0,0
1987,AK,0,0,0,0,50,0,0
1988,AZ,0,0,0,0,54,0,0
1989,MT,0,1,30,0,60,0,0
1990,DE,0,0,0,0,55,0,0
1991,VA,0,0,0,0,58,0,0
1992,MA,0,0,0,0,60,0,0
1993,IN,0,0,0,0,70,0,0
1994,MD,0,0,0,0,49,0,0
1995,NV,0,1,35,0,78,0,0
1996,CO,0,0,0,0,66,0,0
1997,KS,0,0,0,0,67,0,0
1998,AR,0,0,0,0,43,0,0
1999,WY,0,0,0,0,40,0,0
2000,PA,0,0,0,0,53,0,0
2001,TX,0,0,0,1,76,0,0
2002,NY,0,0,0,0,60,0,0
2003,OR,1,0,0,0,58,0,0
2004,CA,0,0,0,0,63,0,1
2005,NY,0,0,0,0,51,0,0
2006,AR,0,1,27,0,57,0,0
2007,MI,0,0,0,0,71,0,0
2008,OK,0,1,33,0,68,0,0
2009,TX,0,0,0,0,48,0,0
2010,NC,0,0,0,0,45,0,0
2011,ID,0,0,0,0,60,0,0
2012,IL,0,0,0,0,50,0,0
2013,OR,0,0,0,0,59,0,0
2014,SD,0,0,0,0,57,0,0
2015,NE,0,0,0,0,67,0,0
2016,RI,0,0,0,0,66,0,0
2017,MD,0,1,39,0,54,0,0
2018,ID,0,1,22,0,60,0,0
2019,ME,0,1,30,0,58,0,0
2020,SD,0,0,0,0,71,0,0
2021,NY,0,1,26,0,59,0,0
2022,DE,0,0,0,0,47,0,0
2023,OK,0,0,0,0,55,0,0
2024,SC,0,1,23,0,55,0,0
2025,IN,0,0,0,0,54,0,0
2026,NV,0,0,0,0,57,0,0
2027,IL,1,1,36,0,58,0,0
2028,SD,0,0,0,1,84,1,0
2029,OK,1,0,0,1,54,0,0
2030,KS,0,1,37,0,68,0,0
2031,IA,0,0,0,0,56,0,1
2032,NJ,0,0,0,0,56,0,0
2033,NJ,0,0,0,1,74,0,0
2034,MT,0,0,0,0,61,0,0
2035,IA,0,0,0,0,71,0,0
2036,WA,0,0,0,0,64,0,0
2037,NE,0,0,0,0,43,0,0
2038,TX,0,0,0,1,79,0,0
2039,MS,0,1,21,0,50,0,0
2040,IA,0,1,15,0,44,0,0
2041,WI,0,1,34,0,63,0,0
2042,MT,0,1,26,0,73,0,0
2043,GA,0,0,0,0,46,0,0
2044,MT,1,1,30,0,57,0,0
2045,ND,0,0,0,0,69,0,1
2046,VT,0,0,0,0,56,0,0
2047,SD,0,0,0,0,63,0,0
2048,OH,0,1,27,0,55,0,0
2049,OH,0,1,27,0,64,0,0
2050,MT,0,0,0,0,59,0,0
2051,IL,1,0,0,0,72,0,0
2052,NV,0,0,0,0,50,0,0
2053,UT,0,0,0,0,72,0,0
2054,NH,0,0,0,0,49,0,0
2055,LA,0,0,0,0,54,0,0
2056,VT,0,0,0,0,54,0,0
2057,NY,0,1,16,0,43,0,0
2058,CT,0,0,0,0,73,0,0
2059,KS,0,0,0,1,76,0,0
2060,MI,0,1,25,0,69,0,0
2061,SD,0,1,34,0,72,0,0
2062,ME,0,0,0,0,62,0,0
2063,MD,0,0,0,0,44,0,0
2064,VA,0,0,0,0,54,0,0
2065,NJ,0,0,0,0,61,0,0
2066,TN,0,1,26,0,64,0,0
2067,DC,0,0,0,0,57,0,1
2068,DC,0,0,0,0,50,0,0
2069,OR,0,0,0,1,76,0,0
2070,RI,0,0,0,0,58,0,0
2071,AK,0,0,0,0,69,0,0
2072,WI,0,0,0,0,48,0,0
2073,IN,0,0,0,0,61,0,0
2074,MI,0,0,0,0,58,0,0
2075,ID,0,1,28,0,56,0,0
2076,NH,1,0,0,1,72,0,1
2077,MN,0,0,0,0,68,0,0
2078,AZ,0,0,0,0,42,0,0
2079,MN,0,0,0,0,71,0,0
2080,MO,0,0,0,0,73,0,0
2081,AL,0,0,0,0,49,0,0
2082,PA,0,1,23,0,66,0,0
2083,AK,0,0,0,0,49,0,0
2084,MS,0,1,24,0,56,0,0
2085,IA,0,0,0,0,49,0,0
2086,WY,0,0,0,0,54,0,0
2087,NE,0,0,0,0,58,0,1
2088,ND,0,0,0,0,63,0,0
2089,CT,0,0,0,0,64,0,0
2090,NC,0,1,37,0,67,0,0
2091,CT,0,0,0,0,59,0,0
2092,ND,0,0,0,0,61,0,0
2093,WA,0,0,0,0,64,0,0
2094,NV,0,0,0,0,56,0,0
2095,CO,0,0,0,0,66,0,0
2096,KS,0,1,28,0,58,0,0
2097,CO,0,0,0,0,54,0,0
2098,MO,0,0,0,0,55,0,0
2099,MA,0,0,0,1,85,1,0
2100,NY,0,1,30,0,33,0,0
2101,AK,0,0,0,0,52,0,0
2102,WI,0,0,0,0,71,0,0
2103,NH,0,0,0,1,80,0,0
2104,TN,0,0,0,0,46,0,0
2105,NY,0,0,0,0,70,0,0
2106,GA,1,1,18,1,64,0,0
2107,MN,0,0,0,1,76,0,0
2108,MI,0,0,0,0,52,0,0
2109,ID,0,1,19,0,57,0,0
2110,CT,0,1,25,0,49,0,0
2111,NC,0,0,0,0,47,0,0
2112,LA,0,0,0,1,51,0,1
2113,NJ,0,0,0,1,85,1,0
2114,TX,0,0,0,0,70,0,0
2115,CA,1,0,0,1,62,0,0
2116,MD,0,0,0,0,54,0,0
2117,WY,0,0,0,0,63,0,1
2118,TX,1,0,0,1,57,0,0
2119,CA,0,0,0,1,76,0,0
2120,UT,0,0,0,0,58,0,0
2121,WA,0,0,0,0,48,0,0
2122,MS,0,1,27,0,83,1,0
2123,OH,0,0,0,0,42,0,0
2124,KS,0,0,0,0,33,0,0
2125,RI,0,1,27,0,55,0,0
2126,IN,0,0,0,0,71,0,0
2127,VT,0,0,0,0,63,0,0
2128,MT,0,1,26,0,44,0,0
2129,CT,0,1,23,0,61,0,0
2130,NM,0,0,0,0,72,0,0
2131,OH,0,1,31,0,54,0,0
2132,GA,0,0,0,0,44,0,0
2133,MN,0,1,31,0,63,0,0
2134,CT,0,0,0,0,69,0,0
2135,AL,0,0,0,0,55,0,0
2136,WV,0,0,0,0,69,0,0
2137,NH,0,0,0,0,63,0,0
2138,WY,0,0,0,0,64,0,0
2139,VA,1,0,0,1,76,0,0
2140,VT,0,0,0,0,59,0,1
2141,OH,0,1,29,0,50,0,0
2142,MT,0,0,0,1,44,0,0
2143,MA,0,0,0,0,48,0,0
2144,VA,0,0,0,0,46,0,0
2145,NM,0,0,0,0,64,0,0
2146,AR,1,0,0,0,59,0,0
2147,NE,0,0,0,1,75,0,0
2148,WY,0,0,0,0,56,0,0
2149,IA,0,1,33,0,74,0,0
2150,SC,0,0,0,1,75,0,0
2151,NC,0,0,0,0,50,0,0
2152,HI,1,1,26,0,57,0,0
2153,UT,0,0,0,0,39,0,0
2154,WY,1,0,0,0,70,0,0
2155,AL,0,0,0,1,78,0,0
2156,VA,0,0,0,0,67,0,0
2157,WI,0,0,0,0,56,0,0
2158,FL,1,0,0,1,44,0,0
2159,KS,0,0,0,0,63,0,0
2160,NV,1,0,0,1,54,0,0
2161,NY,0,0,0,0,56,0,0
2162,VA,0,1,35,0,71,0,0
2163,KS,0,0,0,0,73,0,0
2164,NC,1,0,0,1,72,0,0
2165,MO,0,0,0,0,61,0,0
2166,ND,0,0,0,0,64,0,0
2167,CA,0,0,0,0,52,0,0
2168,WV,0,0,0,0,54,0,0
2169,IL,0,0,0,0,60,0,0
2170,NY,0,0,0,0,63,0,0
2171,NV,0,0,0,0,60,0,0
2172,AL,0,0,0,0,64,0,0
2173,KS,1,0,0,1,33,0,0
2174,ND,0,0,0,0,37,0,0
2175,OK,0,0,0,0,50,0,0
2176,UT,0,0,0,0,58,0,0
2177,OH,0,0,0,0,61,0,0
2178,WY,0,0,0,0,47,0,0
2179,NM,0,1,24,0,39,0,0
2180,AL,0,0,0,0,52,0,0
2181,DC,0,1,29,0,67,0,0
2182,ID,0,1,37,0,65,0,0
2183,AR,0,0,0,0,60,0,0
2184,ID,0,1,31,0,65,0,0
2185,TX,0,0,0,0,57,0,0
2186,NM,0,0,0,1,80,0,0
2187,WA,0,0,0,1,56,0,1
2188,UT,0,0,0,0,60,0,0
2189,RI,0,0,0,0,41,0,0
2190,NC,0,1,27,0,48,0,0
2191,RI,0,0,0,0,37,0,0
2192,NY,0,0,0,0,57,0,0
2193,TX,0,0,0,0,72,0,0
2194,DE,1,1,29,0,47,0,0
2195,MS,0,1,34,0,53,0,0
2196,OH,0,1,10,0,65,0,0
2197,LA,0,0,0,0,65,0,0
2198,FL,0,0,0,0,65,0,0
2199,WA,0,0,0,0,69,0,0
2200,WV,0,0,0,0,52,0,0
2201,NY,0,0,0,0,43,0,0
2202,NE,1,1,16,0,60,0,0
2203,PA,1,0,0,1,63,0,1
2204,MS,0,0,0,0,46,0,0
2205,IN,0,0,0,0,51,0,0
2206,VA,0,0,0,0,59,0,0
2207,MN,0,0,0,0,47,0,0
2208,DE,0,0,0,0,58,0,0
2209,OR,1,0,0,0,50,0,0
2210,UT,0,0,0,1,78,0,0
2211,CT,0,1,27,0,66,0,1
2212,AL,0,1,36,0,65,0,0
2213,TX,0,0,0,1,74,0,0
2214,CT,0,0,0,0,64,0,0
2215,MS,0,0,0,1,79,0,0
2216,AR,0,0,0,0,67,0,0
2217,CA,0,1,22,0,58,0,0
2218,MI,0,0,0,1,56,0,1
2219,WV,0,1,28,0,39,0,0
2220,DE,0,0,0,0,62,0,0
2221,FL,0,0,0,0,59,0,0
2222,AK,0,1,24,0,58,0,0
2223,ID,0,0,0,0,57,0,1
2224,OH,0,0,0,0,49,0,0
2225,NH,0,0,0,0,61,0,0
2226,MA,0,0,0,0,51,0,0
2227,SC,0,0,0,0,71,0,0
2228,OR,0,0,0,0,62,0,0
2229,OH,0,1,25,0,69,0,0
2230,NC,1,0,0,0,60,0,0
2231,KY,0,1,33,0,34,0,0
2232,ID,0,0,0,0,44,0,0
2233,WA,0,0,0,0,54,0,0
2234,WV,0,0,0,0,63,0,0
2235,RI,0,1,13,0,61,0,0
2236,KS,0,0,0,0,69,0,0
2237,NV,0,0,0,1,56,0,1
2238,NE,0,0,0,1,75,0,0
2239,FL,0,0,0,0,59,0,0
2240,WY,0,0,0,0,52,0,0
2241,WA,0,1,29,0,30,0,0
2242,CO,0,0,0,0,63,0,0
2243,WI,0,0,0,0,52,0,0
2244,KS,0,0,0,0,70,0,0
2245,RI,0,1,29,0,58,0,0
2246,MT,0,0,0,0,52,0,0
2247,CO,0,0,0,0,63,0,0
2248,CT,0,1,20,0,74,0,1
2249,FL,0,0,0,0,41,0,0
2250,VT,0,0,0,0,68,0,0
2251,OH,0,0,0,0,53,0,0
2252,NH,0,0,0,0,28,0,0
2253,RI,1,0,0,0,41,0,0
2254,FL,0,1,28,0,53,0,0
2255,MD,0,0,0,0,47,0,0
2256,WY,0,0,0,0,60,0,0
2257,FL,0,1,33,0,68,0,0
2258,TN,1,0,0,1,75,0,0
2259,NC,0,1,31,0,77,0,0
2260,IN,1,1,25,0,80,0,0
2261,IA,0,0,0,0,72,0,1
2262,WV,0,1,35,0,37,0,0
2263,UT,0,1,26,0,71,0,0
2264,GA,0,0,0,0,62,0,0
2265,AK,0,1,31,0,81,1,0
2266,UT,0,1,37,0,64,0,0
2267,MS,0,0,0,1,84,1,0
2268,AR,0,1,16,0,53,0,0
2269,AK,0,1,37,0,37,0,0
2270,AK,0,0,0,0,69,0,0
2271,ME,0,0,0,0,58,0,0
2272,WV,0,0,0,0,58,0,0
2273,CT,0,0,0,0,51,0,0
2274,GA,0,1,31,0,71,0,1
2275,NV,1,0,0,0,64,0,0
2276,VT,0,0,0,0,55,0,0
2277,DC,0,0,0,0,57,0,0
2278,TN,0,0,0,0,65,0,0
2279,OR,0,0,0,0,48,0,0
2280,MS,0,1,25,0,60,0,0
2281,NC,0,1,38,0,67,0,0
2282,CO,0,0,0,0,57,0,0
2283,AR,0,0,0,1,55,0,1
2284,PA,0,0,0,0,53,0,0
2285,MN,0,0,0,0,55,0,0
2286,NM,0,1,42,0,54,0,0
2287,UT,0,0,0,0,70,0,0
2288,NE,0,0,0,0,56,0,0
2289,MS,1,1,23,0,77,0,0
2290,NV,0,0,0,1,75,0,0
2291,OR,0,0,0,0,64,0,0
2292,VA,0,0,0,0,49,0,0
2293,NJ,1,1,31,0,67,0,0
2294,WV,0,0,0,0,54,0,0
2295,OR,0,0,0,0,46,0,0
2296,KY,0,0,0,0,61,0,0
2297,MO,0,0,0,0,47,0,0
2298,TX,0,0,0,0,38,0,0
2299,MN,0,1,27,0,68,0,0
2300,FL,0,0,0,0,63,0,0
2301,PA,0,0,0,0,54,0,0
2302,WV,0,0,0,0,57,0,0
2303,IN,0,0,0,0,32,0,0
2304,OK,0,1,32,0,48,0,0
2305,NE,0,0,0,0,50,0,0
2306,DE,0,0,0,0,70,0,0
2307,MI,0,1,33,0,75,0,0
2308,IL,0,0,0,0,61,0,0
2309,UT,1,0,0,0,62,0,0
2310,IL,0,1,25,0,72,0,0
2311,WA,0,0,0,0,62,0,0
2312,NM,0,0,0,0,57,0,0
2313,MD,0,0,0,0,67,0,0
2314,VA,0,1,35,0,67,0,0
2315,MT,0,0,0,0,53,0,0
2316,CT,1,0,0,0,50,0,0
2317,AL,0,0,0,0,59,0,0
2318,WV,0,0,0,0,62,0,0
2319,MO,0,1,30,0,78,0,0
2320,ND,0,0,0,0,51,0,0
2321,AR,0,0,0,0,69,0,0
2322,GA,0,1,35,0,76,0,1
2323,FL,0,0,0,0,56,0,0
2324,LA,0,0,0,1,55,0,1
2325,UT,0,0,0,1,79,0,0
2326,AZ,0,0,0,0,68,0,0
2327,NY,0,0,0,1,50,0,1
2328,KY,0,0,0,0,49,0,0
2329,AL,0,0,0,0,50,0,0
2330,IN,0,0,0,0,54,0,0
2331,IN,0,1,34,0,71,0,0
2332,FL,0,0,0,0,54,0,0
2333,NM,0,0,0,0,51,0,0
2334,AL,0,0,0,0,40,0,0
2335,MN,1,0,0,1,54,0,0
2336,NY,0,1,37,0,66,0,0
2337,MD,0,0,0,0,68,0,1
2338,KS,0,0,0,0,51,0,0
2339,WV,0,0,0,0,43,0,0
2340,ID,0,1,17,0,61,0,0
2341,LA,0,0,0,0,53,0,0
2342,MI,0,0,0,0,57,0,0
2343,TN,1,0,0,1,57,0,0
2344,CA,0,0,0,0,62,0,0
2345,FL,0,0,0,0,69,0,0
2346,LA,0,0,0,0,51,0,0
2347,IL,1,1,29,1,60,0,0
2348,AL,0,1,20,0,75,0,0
2349,CT,0,0,0,0,66,0,0
2350,PA,0,0,0,0,43,0,0
2351,TX,0,0,0,0,56,0,0
2352,VA,0,0,0,0,57,0,0
2353,MO,1,0,0,0,53,0,0
2354,MT,0,0,0,1,77,0,0
2355,ND,0,0,0,0,72,0,0
2356,FL,0,0,0,1,84,1,0
2357,WI,0,0,0,1,61,0,0
2358,KY,0,0,0,0,43,0,0
2359,MD,0,1,31,0,52,0,0
2360,IN,0,0,0,0,64,0,0
2361,MA,0,0,0,0,38,0,0
2362,ND,0,0,0,0,65,0,0
2363,VT,0,0,0,0,48,0,0
2364,CT,0,1,33,0,61,0,0
2365,VA,0,1,29,0,70,0,0
2366,MS,0,1,45,0,50,0,0
2367,AK,0,0,0,0,70,0,0
2368,WY,0,0,0,0,65,0,0
2369,NY,0,0,0,1,53,0,1
2370,NC,0,0,0,0,57,0,1
2371,IL,0,0,0,0,66,0,0
2372,OH,0,0,0,0,57,0,0
2373,RI,0,0,0,0,69,0,0
2374,WY,1,0,0,0,59,0,0
2375,OR,0,0,0,0,41,0,0
2376,NV,0,0,0,1,79,0,0
2377,ND,0,1,36,1,50,0,0
2378,OR,0,0,0,0,58,0,0
2379,ND,0,0,0,0,59,0,0
2380,NJ,0,0,0,1,63,0,1
2381,WV,0,1,22,0,57,0,0
2382,VA,0,0,0,0,47,0,0
2383,ID,0,1,30,0,52,0,0
2384,CT,1,0,0,0,71,0,0
2385,NM,0,0,0,0,72,0,0
2386,CT,1,0,0,1,59,0,0
2387,MI,0,1,32,1,55,0,1
2388,SC,0,0,0,1,84,1,0
2389,SC,0,0,0,1,62,0,0
2390,NY,0,0,0,0,62,0,0
2391,MT,0,1,19,0,56,0,0
2392,WY,0,0,0,0,57,0,0
2393,NE,0,1,25,0,39,0,0
2394,IN,0,0,0,0,60,0,0
2395,CO,0,0,0,0,67,0,1
2396,WY,1,0,0,0,64,0,0
2397,MD,0,0,0,1,76,0,0
2398,OK,0,0,0,0,54,0,0
2399,SD,0,0,0,0,50,0,0
2400,SC,1,1,39,0,56,0,0
2401,NY,1,0,0,1,76,0,0
2402,NY,0,1,33,1,51,0,1
2403,WV,0,0,0,0,43,0,0
2404,WA,0,0,0,0,61,0,0
2405,ID,0,1,29,1,59,0,0
2406,MN,0,0,0,0,59,0,0
2407,TX,1,1,31,1,64,0,0
2408,AZ,0,0,0,0,65,0,0
2409,DE,0,1,8,0,49,0,0
2410,CO,0,0,0,0,45,0,0
2411,WI,0,0,0,0,60,0,0
2412,WI,0,0,0,1,78,0,0
2413,NJ,0,0,0,0,67,0,0
2414,IL,1,0,0,0,41,0,0
2415,DC,0,0,0,1,53,0,1
2416,IA,0,0,0,0,59,0,0
2417,GA,0,0,0,0,41,0,0
2418,AK,0,0,0,0,63,0,0
2419,CA,0,0,0,1,74,0,0
2420,MN,1,0,0,1,52,0,0
2421,CO,0,0,0,1,55,0,1
2422,KY,0,1,36,0,46,0,0
2423,SC,0,0,0,0,45,0,0
2424,MT,0,1,15,0,45,0,0
2425,KY,0,1,28,0,45,0,0
2426,WV,0,0,0,0,54,0,0
2427,ID,0,0,0,0,57,0,0
2428,MN,0,0,0,1,44,0,1
2429,MA,0,1,21,0,71,0,0
2430,MD,0,1,40,0,56,0,0
2431,SD,0,1,31,0,57,0,0
2432,PA,0,0,0,1,52,0,1
2433,KY,0,0,0,0,65,0,0
2434,ID,0,0,0,0,41,0,0
2435,NY,0,1,23,0,87,1,0
2436,NM,0,0,0,0,65,0,0
2437,CA,0,1,31,1,56,0,1
2438,ID,0,0,0,0,65,0,0
2439,WY,0,0,0,0,57,0,0
2440,NM,0,0,0,0,60,0,0
2441,HI,0,1,13,0,55,0,0
2442,ID,0,1,34,0,66,0,0
2443,NC,0,0,0,0,41,0,0
2444,TX,0,1,31,0,76,0,1
2445,GA,0,0,0,0,60,0,0
2446,AL,0,0,0,0,54,0,0
2447,ME,0,0,0,0,58,0,0
2448,VA,0,0,0,0,60,0,0
2449,ID,0,0,0,0,69,0,0
2450,NY,0,0,0,0,52,0,0
2451,NC,0,0,0,1,75,0,0
2452,OH,0,0,0,0,54,0,0
2453,HI,0,1,38,0,64,0,0
2454,DC,0,0,0,0,50,0,0
2455,TN,0,0,0,0,47,0,0
2456,VT,0,0,0,0,66,0,1
2457,MD,0,1,45,0,61,0,0
2458,LA,0,1,23,0,73,0,0
2459,HI,0,0,0,0,64,0,1
2460,FL,0,0,0,0,45,0,0
2461,WY,0,0,0,0,64,0,0
2462,NE,0,0,0,0,55,0,0
2463,WY,0,1,11,0,58,0,0
2464,OR,0,1,32,0,39,0,0
2465,IN,0,0,0,0,56,0,0
2466,MD,0,1,38,0,44,0,0
2467,TN,1,0,0,0,58,0,0
2468,WV,1,1,41,1,60,0,0
2469,WA,0,0,0,0,50,0,0
2470,MS,0,0,0,0,63,0,0
2471,OH,0,1,23,0,55,0,0
2472,IN,0,0,0,1,51,0,0
2473,CO,0,1,40,0,60,0,0
2474,TX,0,1,22,0,56,0,0
2475,AK,0,0,0,0,54,0,0
2476,WV,0,0,0,0,52,0,0
2477,MA,0,0,0,0,65,0,0
2478,TN,0,1,34,0,81,1,0
2479,ID,1,1,29,1,63,0,0
2480,DE,1,0,0,0,64,0,0
2481,VA,0,0,0,0,61,0,0
2482,MT,0,0,0,0,67,0,0
2483,ID,0,1,30,0,66,0,0
2484,IN,0,1,39,0,59,0,0
2485,MD,0,1,17,0,77,0,0
2486,MS,0,0,0,0,49,0,0
2487,WA,0,0,0,0,48,0,0
2488,OH,0,0,0,0,56,0,0
2489,RI,0,0,0,1,56,0,1
2490,AR,0,0,0,0,66,0,0
2491,AZ,0,0,0,0,49,0,0
2492,SC,0,0,0,0,57,0,0
2493,KY,0,0,0,1,45,0,1
2494,AL,0,1,21,0,65,0,0
2495,NE,0,0,0,0,54,0,0
2496,MT,0,1,22,0,48,0,0
2497,MN,0,1,32,0,33,0,0
2498,NV,0,0,0,0,47,0,0
2499,CA,0,0,0,0,72,0,0
2500,UT,0,1,41,0,66,0,0
2501,IL,0,0,0,0,55,0,0
2502,DC,0,0,0,0,68,0,0
2503,IN,0,0,0,0,62,0,0
2504,NM,0,0,0,0,50,0,0
2505,MS,0,0,0,0,55,0,0
2506,VT,0,0,0,0,68,0,0
2507,VT,0,0,0,0,50,0,0
2508,UT,0,1,20,0,56,0,0
2509,KY,0,0,0,0,35,0,0
2510,VA,0,0,0,0,66,0,0
2511,OH,0,0,0,0,47,0,0
2512,AZ,0,1,42,0,52,0,0
2513,NY,0,0,0,0,37,0,0
2514,VA,0,0,0,0,62,0,0
2515,MD,0,0,0,1,50,0,1
2516,MA,0,1,19,0,50,0,0
2517,IL,1,0,0,0,67,0,0
2518,LA,0,0,0,0,56,0,0
2519,MO,0,0,0,0,48,0,0
2520,DC,0,1,28,0,54,0,0
2521,PA,0,0,0,0,60,0,0
2522,TN,0,0,0,0,50,0,0
2523,NJ,0,0,0,0,49,0,0
2524,VA,0,0,0,0,72,0,0
2525,TN,0,0,0,0,64,0,0
2526,NJ,1,0,0,1,42,0,0
2527,WA,0,0,0,0,54,0,0
2528,AR,0,0,0,0,63,0,0
2529,WI,0,0,0,0,61,0,0
2530,WA,0,0,0,0,71,0,0
2531,RI,0,0,0,0,50,0,0
2532,ME,0,0,0,0,65,0,0
2533,CO,0,0,0,1,67,0,0
2534,CO,0,0,0,0,50,0,0
2535,RI,0,0,0,1,43,0,0
2536,CT,0,0,0,1,80,0,0
2537,NC,0,0,0,0,61,0,0
2538,WY,0,0,0,0,52,0,0
2539,OR,1,1,28,1,73,0,0
2540,FL,0,1,24,0,39,0,0
2541,KY,0,0,0,0,49,0,0
2542,SC,0,0,0,1,77,0,0
2543,WA,0,1,28,0,71,0,0
2544,MT,0,0,0,0,54,0,0
2545,PA,0,0,0,0,52,0,0
2546,MA,0,0,0,0,59,0,0
2547,VT,0,0,0,0,57,0,0
2548,MN,0,1,21,0,57,0,0
2549,IL,1,0,0,0,57,0,0
2550,AR,0,0,0,0,58,0,0
2551,MD,0,0,0,0,61,0,0
2552,MT,0,0,0,0,68,0,0
2553,VT,0,0,0,0,74,0,1
2554,CO,0,0,0,0,52,0,0
2555,NC,0,0,0,0,62,0,0
2556,WA,0,0,0,0,44,0,0
2557,TN,0,0,0,0,67,0,0
2558,AR,0,0,0,0,45,0,0
2559,DC,0,1,29,0,66,0,0
2560,MN,0,0,0,0,67,0,0
2561,IA,0,1,33,0,51,0,0
2562,KS,0,0,0,0,53,0,0
2563,ND,0,0,0,0,50,0,0
2564,MT,0,0,0,0,55,0,0
2565,IL,0,0,0,0,45,0,0
2566,DC,0,0,0,0,58,0,0
2567,KY,0,0,0,1,75,0,0
2568,MS,1,0,0,0,68,0,0
2569,TN,0,0,0,0,61,0,0
2570,IA,0,1,43,0,41,0,0
2571,AK,0,0,0,0,64,0,0
2572,MN,0,0,0,1,75,0,0
2573,WV,0,0,0,1,79,0,0
2574,OR,0,0,0,0,52,0,0
2575,MS,0,0,0,1,53,0,0
2576,ME,0,1,33,0,65,0,0
2577,MN,0,0,0,0,60,0,0
2578,GA,0,0,0,0,60,0,0
2579,DC,0,0,0,0,54,0,0
2580,GA,0,0,0,0,48,0,0
2581,NY,0,0,0,1,48,0,1
2582,OK,0,0,0,0,61,0,0
2583,OK,0,0,0,0,56,0,0
2584,GA,0,0,0,0,65,0,0
2585,NJ,0,0,0,0,56,0,0
2586,MN,0,0,0,0,57,0,0
2587,ME,0,0,0,0,66,0,0
2588,MI,0,1,37,0,58,0,0
2589,MT,0,0,0,0,56,0,0
2590,NE,0,1,30,0,61,0,0
2591,ND,0,0,0,1,75,0,0
2592,VA,0,0,0,0,62,0,1
2593,VT,0,0,0,0,54,0,0
2594,OH,1,0,0,1,88,1,0
2595,AL,0,0,0,1,78,0,0
2596,DC,0,0,0,0,44,0,0
2597,ND,0,0,0,0,67,0,0
2598,TN,0,0,0,0,52,0,0
2599,DE,0,0,0,1,74,0,0
2600,NY,0,0,0,0,67,0,0
2601,AL,0,1,30,0,60,0,0
2602,OK,1,0,0,1,50,0,0
2603,MS,0,1,13,0,75,0,0
2604,MD,0,0,0,0,58,0,0
2605,NE,0,1,38,0,81,1,0
2606,AR,0,0,0,1,77,0,0
2607,IL,0,0,0,0,59,0,0
2608,IN,0,1,46,0,63,0,1
2609,UT,0,1,24,0,70,0,0
2610,LA,0,1,37,0,46,0,0
2611,ID,0,0,0,0,53,0,0
2612,KY,0,0,0,0,70,0,0
2613,MI,0,0,0,0,60,0,0
2614,NH,1,0,0,1,81,1,0
2615,WV,0,0,0,0,57,0,0
2616,OR,0,1,33,0,53,0,0
2617,SD,0,0,0,0,55,0,0
2618,MD,1,1,27,0,62,0,0
2619,ND,1,1,35,1,56,0,0
2620,TN,0,0,0,0,66,0,0
2621,MO,0,1,35,0,61,0,1
2622,IL,0,1,16,0,56,0,1
2623,UT,0,0,0,0,66,0,0
2624,MI,0,0,0,1,66,0,0
2625,AR,0,0,0,0,55,0,0
2626,TX,0,1,27,0,55,0,0
2627,AK,0,0,0,0,65,0,0
2628,TN,0,0,0,0,62,0,1
2629,NH,0,1,32,1,90,1,0
2630,NM,0,0,0,0,61,0,0
2631,MN,0,1,22,0,58,0,0
2632,IA,0,1,35,0,55,0,0
2633,RI,0,0,0,0,63,0,0
2634,AL,0,0,0,0,50,0,0
2635,NC,0,0,0,0,60,0,0
2636,SD,0,0,0,0,56,0,0
2637,MT,0,0,0,0,61,0,0
2638,HI,0,0,0,0,57,0,0
2639,MT,0,1,33,0,73,0,0
2640,KY,0,1,24,0,79,0,0
2641,DC,1,1,39,0,61,0,0
2642,CO,1,1,21,0,50,0,0
2643,MI,0,0,0,0,42,0,0
2644,AL,0,0,0,0,61,0,0
2645,KS,1,0,0,1,67,0,0
2646,NC,0,0,0,0,65,0,1
2647,SC,0,0,0,1,84,1,0
2648,CO,0,1,23,0,65,0,0
2649,MN,0,0,0,0,65,0,0
2650,WY,0,0,0,0,50,0,0
2651,FL,0,0,0,0,70,0,0
2652,NY,0,0,0,0,58,0,0
2653,OK,0,1,30,0,45,0,0
2654,ME,0,0,0,0,65,0,0
2655,NE,0,0,0,0,61,0,0
2656,OH,0,0,0,0,70,0,0
2657,CT,0,0,0,0,71,0,0
2658,DC,0,0,0,0,68,0,0
2659,OK,0,0,0,0,53,0,0
2660,NJ,0,0,0,1,82,1,1
2661,IA,0,0,0,0,69,0,0
2662,VA,1,0,0,1,54,0,0
2663,VA,0,0,0,0,65,0,0
2664,NM,1,1,26,1,60,0,0
2665,FL,1,0,0,0,51,0,0
2666,RI,1,0,0,1,72,0,0
2667,NJ,0,1,27,0,59,0,0
2668,NE,0,1,21,0,57,0,0
2669,WV,0,0,0,0,47,0,0
2670,WY,0,1,12,0,60,0,0
2671,SC,0,0,0,0,52,0,0
2672,MS,1,0,0,1,74,0,0
2673,ND,0,0,0,1,71,0,0
2674,IL,0,0,0,0,48,0,0
2675,OR,0,0,0,0,60,0,0
2676,UT,0,0,0,0,69,0,0
2677,IA,0,0,0,1,76,0,1
2678,ME,0,0,0,0,72,0,0
2679,WY,0,0,0,0,62,0,0
2680,WI,0,1,28,0,57,0,0
2681,SC,0,0,0,1,54,0,0
2682,DC,1,0,0,0,36,0,0
2683,CT,0,0,0,0,64,0,0
2684,OR,0,0,0,0,63,0,0
2685,OR,0,0,0,0,59,0,0
2686,NV,0,1,44,0,59,0,0
2687,MN,1,1,29,1,75,0,0
2688,OK,0,0,0,0,65,0,0
2689,KS,0,0,0,0,58,0,0
2690,RI,0,0,0,0,70,0,0
2691,DC,0,0,0,0,60,0,0
2692,IL,1,0,0,0,72,0,0
2693,UT,0,0,0,0,61,0,0
2694,MN,0,0,0,1,74,0,0
2695,WI,0,0,0,0,53,0,0
2696,MI,0,0,0,1,87,1,0
2697,MI,0,1,41,0,65,0,0
2698,MA,0,0,0,0,66,0,0
2699,AL,0,0,0,0,45,0,0
2700,SC,0,0,0,1,75,0,0
2701,WI,1,0,0,0,64,0,0
2702,VT,0,1,20,0,54,0,0
2703,CT,0,0,0,0,33,0,0
2704,OR,0,0,0,0,48,0,0
2705,HI,0,0,0,0,72,0,1
2706,WV,0,0,0,0,61,0,0
2707,RI,0,0,0,0,30,0,0
2708,MI,0,0,0,1,80,0,0
2709,ME,0,1,31,0,32,0,0
2710,WV,0,0,0,1,78,0,0
2711,NE,0,0,0,0,65,0,0
2712,DC,0,0,0,0,57,0,0
2713,NH,0,1,24,0,57,0,0
2714,MD,0,1,30,0,54,0,0
2715,NH,0,1,28,0,79,0,0
2716,WV,0,1,50,0,59,0,0
2717,IL,0,1,38,0,51,0,0
2718,OK,0,0,0,0,63,0,0
2719,NH,0,1,19,0,61,0,0
2720,MI,0,0,0,0,57,0,0
2721,ND,0,0,0,0,71,0,0
2722,LA,0,0,0,0,46,0,0
2723,HI,0,1,24,0,44,0,0
2724,NJ,0,0,0,1,75,0,0
2725,WV,0,0,0,0,52,0,0
2726,NC,0,0,0,0,57,0,0
2727,PA,1,0,0,0,66,0,0
2728,MI,0,0,0,0,58,0,0
2729,WY,0,0,0,0,51,0,0
2730,NJ,0,1,27,0,64,0,0
2731,NJ,0,0,0,1,74,0,0
2732,NC,1,0,0,1,77,0,1
2733,NM,0,0,0,0,61,0,0
2734,MS,1,1,30,0,56,0,0
2735,TX,1,1,26,1,57,0,0
2736,OK,0,1,27,0,35,0,0
2737,ID,0,0,0,0,62,0,0
2738,AL,0,0,0,0,52,0,0
2739,WY,0,1,9,0,54,0,0
2740,HI,0,0,0,0,61,0,0
2741,VA,0,0,0,0,69,0,0
2742,WV,0,1,31,0,69,0,0
2743,DE,0,0,0,0,69,0,0
2744,CA,0,0,0,0,50,0,0
2745,PA,0,1,40,1,43,0,0
2746,CO,0,0,0,0,59,0,0
2747,MD,0,0,0,1,80,0,0
2748,AL,0,0,0,0,52,0,0
2749,AL,0,0,0,0,67,0,0
2750,KS,0,0,0,0,48,0,0
2751,MI,0,0,0,0,64,0,0
2752,AK,0,1,39,0,52,0,0
2753,OH,0,0,0,0,27,0,0
2754,IN,0,1,23,0,62,0,0
2755,SC,0,0,0,0,67,0,0
2756,KS,0,0,0,0,42,0,0
2757,OK,0,0,0,0,68,0,0
2758,WI,0,0,0,0,64,0,0
2759,IN,0,0,0,0,43,0,0
2760,IL,1,0,0,1,71,0,0
2761,TN,0,0,0,0,59,0,0
2762,DC,0,0,0,0,32,0,0
2763,NC,0,1,19,0,53,0,0
2764,RI,0,1,23,0,78,0,0
2765,MS,0,0,0,0,48,0,0
2766,VA,1,0,0,0,58,0,0
2767,KY,0,1,9,0,48,0,0
2768,NV,0,1,44,0,46,0,0
2769,WI,0,0,0,0,51,0,0
2770,NH,0,1,30,0,47,0,0
2771,NE,0,1,31,0,60,0,0
2772,WI,0,0,0,1,50,0,1
2773,NJ,0,1,34,1,71,0,0
2774,ME,1,1,32,1,69,0,0
2775,WY,0,1,24,0,68,0,0
2776,IN,0,1,30,0,61,0,0
2777,WI,0,0,0,0,68,0,0
2778,VT,0,0,0,0,56,0,0
2779,CA,0,0,0,0,63,0,0
2780,IN,0,0,0,0,65,0,0
2781,SC,0,0,0,0,66,0,0
2782,IN,0,0,0,0,62,0,0
2783,IA,0,1,17,0,61,0,0
2784,MD,0,0,0,1,74,0,0
2785,MN,0,0,0,1,56,0,1
2786,AR,0,1,29,1,53,0,1
2787,MS,0,0,0,0,45,0,0
2788,MN,0,0,0,0,73,0,0
2789,WA,0,1,27,0,53,0,0
2790,MS,0,1,27,0,40,0,0
2791,ID,0,0,0,0,69,0,0
2792,NC,0,0,0,0,42,0,0
2793,VA,0,1,27,0,81,1,0
2794,MT,1,0,0,1,75,0,0
2795,MI,0,0,0,0,44,0,0
2796,HI,0,0,0,0,62,0,0
2797,NC,0,0,0,0,52,0,0
2798,MN,0,0,0,0,38,0,0
2799,WV,0,0,0,0,59,0,0
2800,SD,1,0,0,1,71,0,0
2801,HI,0,0,0,0,59,0,1
2802,MS,0,0,0,0,50,0,0
2803,NY,0,0,0,0,66,0,0
2804,LA,0,0,0,0,43,0,0
2805,KS,1,1,28,0,60,0,0
2806,MA,0,0,0,0,70,0,0
2807,AK,0,0,0,0,59,0,0
2808,SD,0,1,25,0,57,0,0
2809,CO,0,0,0,0,49,0,0
2810,NH,0,1,42,0,67,0,0
2811,WV,0,0,0,0,52,0,0
2812,AZ,0,1,33,0,58,0,0
2813,ME,0,0,0,0,49,0,0
2814,NH,0,0,0,0,50,0,0
2815,RI,0,1,23,0,72,0,0
2816,ID,0,0,0,1,74,0,0
2817,WI,0,0,0,0,36,0,0
2818,NM,1,0,0,0,52,0,0
2819,WY,0,0,0,1,49,0,0
2820,IL,0,1,27,0,58,0,1
2821,TX,0,0,0,0,68,0,0
2822,RI,1,0,0,0,59,0,0
2823,MI,0,0,0,0,60,0,0
2824,OR,0,0,0,1,87,1,0
2825,VA,0,0,0,0,50,0,0
2826,SD,0,0,0,0,60,0,0
2827,AL,0,0,0,1,52,0,1
2828,MS,1,0,0,1,45,0,1
2829,MS,0,1,26,0,75,0,0
2830,HI,0,0,0,0,44,0,0
2831,WV,0,0,0,0,61,0,0
2832,WV,0,0,0,0,49,0,0
2833,WV,0,0,0,0,68,0,0
2834,IN,0,0,0,0,58,0,0
2835,NM,0,1,33,0,59,0,0
2836,DE,0,0,0,0,46,0,0
2837,NC,0,0,0,0,67,0,0
2838,NM,0,1,35,0,55,0,0
2839,SC,0,0,0,1,81,1,0
2840,NJ,0,1,41,0,51,0,0
2841,AZ,0,0,0,0,43,0,0
2842,RI,0,1,20,0,67,0,0
2843,SD,0,0,0,0,39,0,0
2844,NH,0,0,0,0,57,0,0
2845,AL,1,0,0,0,67,0,0
2846,WV,0,0,0,0,67,0,0
2847,ID,1,1,32,0,60,0,0
2848,MD,0,0,0,0,61,0,0
2849,IN,0,0,0,0,66,0,0
2850,WY,0,0,0,0,52,0,0
2851,NH,0,0,0,0,49,0,0
2852,MN,0,0,0,0,48,0,0
2853,MA,0,1,21,0,56,0,0
2854,NH,0,0,0,0,68,0,0
2855,MN,0,0,0,0,58,0,0
2856,IA,0,0,0,0,59,0,0
2857,NY,0,0,0,0,66,0,0
2858,AL,0,1,28,0,82,1,0
2859,WV,0,0,0,0,27,0,0
2860,NM,0,0,0,0,63,0,0
2861,CA,0,1,19,0,69,0,1
2862,MA,0,1,24,0,46,0,0
2863,ME,0,0,0,0,69,0,0
2864,FL,0,0,0,0,65,0,0
2865,NH,0,1,32,1,49,0,0
2866,IN,0,0,0,0,45,0,0
2867,WI,0,0,0,0,67,0,0
2868,MA,1,0,0,1,65,0,0
2869,NH,0,1,20,0,71,0,0
2870,TX,0,0,0,0,45,0,0
2871,NC,0,0,0,0,65,0,0
2872,CT,0,0,0,0,45,0,0
2873,NJ,0,0,0,0,50,0,0
2874,WY,0,0,0,1,83,1,0
2875,LA,0,1,32,0,68,0,0
2876,NV,0,0,0,0,70,0,0
2877,WV,0,0,0,0,56,0,0
2878,AR,0,1,19,0,59,0,0
2879,SC,0,1,26,0,50,0,0
2880,KS,0,0,0,0,61,0,0
2881,NY,0,1,20,0,56,0,0
2882,MI,1,0,0,1,48,0,0
2883,MA,0,0,0,0,69,0,0
2884,UT,0,0,0,1,76,0,0
2885,HI,0,0,0,0,58,0,0
2886,PA,0,0,0,0,58,0,0
2887,OR,0,1,50,0,55,0,0
2888,TN,0,1,36,0,45,0,0
2889,CT,0,0,0,1,75,0,0
2890,AZ,0,0,0,0,62,0,0
2891,OR,0,0,0,0,50,0,0
2892,DE,0,1,34,0,47,0,0
2893,MA,0,1,27,0,62,0,0
2894,CT,0,0,0,0,58,0,0
2895,AR,1,0,0,0,48,0,0
2896,SD,0,0,0,0,66,0,0
2897,CT,0,1,32,0,42,0,0
2898,CT,0,0,0,0,42,0,0
2899,MA,0,1,36,0,64,0,0
2900,MS,0,0,0,1,48,0,0
2901,MT,0,1,17,1,45,0,1
2902,AK,0,1,15,0,73,0,0
2903,DE,0,1,32,0,65,0,1
2904,OH,1,0,0,0,55,0,0
2905,MN,0,0,0,0,47,0,0
2906,CA,0,1,19,0,55,0,0
2907,OH,0,0,0,0,69,0,0
2908,NV,0,0,0,1,79,0,0
2909,SC,0,0,0,0,49,0,0
2910,WV,0,0,0,0,55,0,0
2911,NM,1,0,0,0,73,0,0
2912,WY,0,0,0,0,51,0,0
2913,CA,0,0,0,0,55,0,0
2914,KS,0,1,34,0,60,0,1
2915,WY,0,0,0,0,67,0,1
2916,OK,0,0,0,0,44,0,0
2917,UT,0,0,0,0,62,0,0
2918,MA,0,0,0,0,60,0,1
2919,UT,0,0,0,0,61,0,0
2920,MN,0,0,0,0,53,0,0
2921,NE,0,0,0,0,50,0,0
2922,OH,0,0,0,0,57,0,0
2923,KY,0,0,0,0,54,0,0
2924,WA,0,0,0,1,82,1,0
2925,NY,0,0,0,1,58,0,0
2926,IN,0,0,0,1,83,1,1
2927,CO,0,1,23,0,49,0,0
2928,DC,0,0,0,0,61,0,0
2929,AK,0,0,0,0,63,0,0
2930,SC,0,0,0,0,48,0,0
2931,KS,0,0,0,0,68,0,0
2932,UT,0,0,0,0,46,0,0
2933,IL,1,0,0,0,60,0,0
2934,DC,0,0,0,1,49,0,0
2935,DC,0,0,0,0,65,0,0
2936,OK,0,0,0,1,76,0,0
2937,KY,0,1,40,0,45,0,0
2938,NE,0,0,0,0,44,0,0
2939,AL,0,0,0,0,65,0,0
2940,HI,0,0,0,0,45,0,0
2941,SC,0,1,31,0,74,0,1
2942,GA,1,0,0,1,80,0,0
2943,KS,0,1,19,0,61,0,0
2944,PA,0,0,0,0,41,0,0
2945,UT,0,0,0,0,63,0,0
2946,OR,0,1,19,0,55,0,0
2947,ND,0,0,0,1,79,0,0
2948,KY,1,0,0,0,62,0,0
2949,MN,1,0,0,0,64,0,0
2950,OH,0,0,0,1,51,0,0
2951,TX,0,0,0,0,51,0,0
2952,WY,0,0,0,1,74,0,1
2953,GA,0,0,0,0,62,0,1
2954,TX,0,0,0,0,56,0,0
2955,WV,0,0,0,0,47,0,0
2956,NM,0,0,0,0,45,0,0
2957,MI,0,1,20,0,63,0,0
2958,NC,0,0,0,1,53,0,1
2959,NY,0,0,0,0,69,0,0
2960,TX,0,0,0,1,51,0,1
2961,KY,0,1,36,1,52,0,1
2962,SD,0,0,0,0,67,0,0
2963,ID,0,1,30,0,60,0,0
2964,OR,0,0,0,1,74,0,0
2965,WI,0,0,0,0,49,0,0
2966,WV,0,0,0,0,64,0,0
2967,SC,0,1,20,0,58,0,0
2968,CT,0,0,0,1,76,0,0
2969,NV,0,0,0,0,47,0,0
2970,ND,0,1,22,0,52,0,0
2971,MI,1,0,0,1,63,0,0
2972,MT,0,1,35,1,57,0,0
2973,NE,0,0,0,0,39,0,0
2974,UT,0,0,0,0,65,0,0
2975,WV,0,0,0,0,50,0,0
2976,AR,1,0,0,0,57,0,0
2977,MT,0,0,0,0,57,0,0
2978,UT,0,0,0,0,68,0,0
2979,HI,0,0,0,1,52,0,1
2980,KS,0,0,0,1,74,0,0
2981,NY,0,0,0,0,46,0,0
2982,OH,0,0,0,0,59,0,0
2983,HI,0,0,0,0,65,0,0
2984,KS,0,0,0,0,54,0,0
2985,IN,0,0,0,0,69,0,0
2986,OR,0,1,12,0,56,0,0
2987,NY,1,0,0,1,41,0,0
2988,VA,0,0,0,0,72,0,0
2989,MI,1,0,0,1,47,0,0
2990,ID,0,1,28,0,52,0,0
2991,MO,1,0,0,0,48,0,0
2992,AL,0,1,24,0,45,0,0
2993,OR,0,0,0,0,60,0,0
2994,VT,0,0,0,1,74,0,0
2995,AZ,0,1,31,0,59,0,0
2996,VA,0,1,34,0,30,0,0
2997,PA,0,1,30,0,72,0,0
2998,CO,0,0,0,0,70,0,0
2999,KY,0,0,0,0,67,0,0
3000,NJ,0,0,0,0,65,0,0
3001,IL,0,0,0,0,47,0,0
3002,WA,0,0,0,1,76,0,0
3003,WV,0,0,0,0,48,0,0
3004,RI,0,0,0,0,59,0,0
3005,OH,0,0,0,0,62,0,0
3006,MO,0,0,0,0,55,0,0
3007,MD,0,0,0,0,60,0,0
3008,OH,0,1,31,0,68,0,0
3009,VA,0,1,39,0,69,0,1
3010,FL,0,0,0,0,42,0,0
3011,CO,0,1,37,0,60,0,0
3012,NY,0,0,0,0,47,0,0
3013,WV,0,0,0,0,61,0,0
3014,LA,0,0,0,0,53,0,0
3015,MA,0,1,25,0,54,0,0
3016,UT,0,0,0,0,62,0,0
3017,AL,0,0,0,0,72,0,1
3018,ME,0,0,0,0,52,0,0
3019,TX,0,0,0,1,75,0,0
3020,ND,0,1,23,0,59,0,0
3021,CO,0,0,0,0,44,0,0
3022,LA,0,1,33,0,45,0,0
3023,MT,0,1,35,1,44,0,1
3024,OR,0,0,0,0,42,0,0
3025,NH,0,1,22,0,50,0,0
3026,NE,0,1,32,0,66,0,1
3027,WV,0,1,28,0,73,0,1
3028,NV,0,0,0,0,60,0,0
3029,MA,0,1,34,0,56,0,0
3030,MI,0,0,0,0,60,0,0
3031,KY,1,0,0,0,51,0,0
3032,WV,0,0,0,0,36,0,0
3033,KY,0,0,0,0,58,0,0
3034,NJ,0,1,42,0,64,0,0
3035,ME,0,0,0,1,45,0,1
3036,TX,0,0,0,0,64,0,0
3037,MN,0,0,0,0,60,0,0
3038,VA,0,1,28,0,43,0,0
3039,DC,0,0,0,0,51,0,0
3040,MD,0,0,0,0,57,0,0
3041,RI,0,0,0,0,43,0,0
3042,MA,0,0,0,0,61,0,0
3043,MD,0,0,0,0,57,0,0
3044,NM,0,0,0,0,56,0,0
3045,MN,0,0,0,1,76,0,0
3046,MI,0,0,0,0,34,0,0
3047,AZ,0,0,0,0,53,0,0
3048,AL,0,0,0,0,57,0,0
3049,MI,0,0,0,0,53,0,0
3050,SC,0,0,0,1,56,0,1
3051,MS,0,0,0,0,61,0,0
3052,MS,0,0,0,0,53,0,0
3053,CA,0,0,0,0,63,0,0
3054,MD,0,0,0,0,60,0,0
3055,ND,0,0,0,0,57,0,0
3056,IL,0,0,0,0,70,0,0
3057,SD,0,0,0,0,49,0,0
3058,AL,0,0,0,0,60,0,0
3059,NV,0,1,35,0,46,0,0
3060,LA,0,0,0,0,70,0,0
3061,VA,0,0,0,0,69,0,0
3062,DE,0,1,31,0,63,0,0
3063,CT,0,1,25,0,51,0,0
3064,CO,0,0,0,1,78,0,1
3065,MA,0,1,29,0,65,0,0
3066,OR,0,0,0,0,62,0,0
3067,WA,0,0,0,0,44,0,0
3068,SC,0,1,21,0,54,0,0
3069,IN,0,1,26,0,53,0,0
3070,MD,0,0,0,1,55,0,0
3071,NV,0,1,34,0,51,0,0
3072,TX,0,0,0,1,80,0,0
3073,ND,0,1,38,0,59,0,0
3074,WV,0,0,0,0,36,0,0
3075,CO,0,1,40,0,56,0,0
3076,TX,0,0,0,0,52,0,0
3077,FL,0,1,29,0,79,0,0
3078,AL,0,0,0,0,36,0,0
3079,WV,0,0,0,1,47,0,1
3080,MI,0,0,0,0,53,0,0
3081,NY,0,0,0,0,60,0,1
3082,MS,0,0,0,0,60,0,0
3083,MO,0,0,0,0,69,0,0
3084,AR,0,0,0,0,60,0,0
3085,MS,1,0,0,0,51,0,0
3086,NY,1,0,0,0,63,0,0
3087,SD,0,0,0,0,66,0,0
3088,AK,0,1,29,0,62,0,0
3089,WV,0,1,30,0,47,0,0
3090,SC,0,0,0,0,44,0,0
3091,VA,0,0,0,0,49,0,0
3092,MS,0,0,0,0,40,0,0
3093,SD,0,0,0,1,74,0,0
3094,MN,0,0,0,0,47,0,0
3095,AL,0,1,27,0,66,0,0
3096,CO,0,1,36,0,75,0,0
3097,ME,0,0,0,0,56,0,0
3098,GA,0,0,0,0,57,0,0
3099,AZ,0,0,0,0,55,0,0
3100,MA,0,0,0,0,61,0,0
3101,AZ,0,1,32,0,50,0,0
3102,IN,0,1,32,0,52,0,0
3103,DE,0,0,0,0,70,0,0
3104,WI,0,1,13,0,62,0,0
3105,ME,0,0,0,0,71,0,0
3106,DC,0,1,26,0,49,0,0
3107,GA,0,0,0,0,62,0,0
3108,HI,0,1,30,0,45,0,0
3109,VA,1,0,0,0,54,0,0
3110,NY,0,1,28,0,63,0,0
3111,PA,0,1,32,0,62,0,0
3112,AR,0,0,0,1,49,0,1
3113,HI,0,0,0,1,82,1,0
3114,DE,0,0,0,0,50,0,0
3115,WV,0,0,0,0,66,0,1
3116,OK,0,0,0,0,63,0,0
3117,OR,0,0,0,0,56,0,0
3118,ND,0,1,33,0,59,0,0
3119,MO,0,0,0,0,47,0,0
3120,AR,0,1,21,0,73,0,0
3121,GA,0,0,0,0,49,0,0
3122,TN,0,0,0,0,60,0,0
3123,MA,0,1,17,0,64,0,0
3124,ND,0,1,24,0,68,0,0
3125,IA,0,0,0,1,55,0,1
3126,NJ,0,0,0,0,73,0,0
3127,MT,0,0,0,1,52,0,1
3128,AL,0,0,0,0,56,0,0
3129,NY,0,1,16,0,47,0,0
3130,PA,0,1,25,0,48,0,0
3131,VT,0,0,0,0,58,0,1
3132,NC,0,0,0,1,87,1,0
3133,CT,0,0,0,0,58,0,0
3134,MO,0,0,0,0,42,0,0
3135,WV,0,0,0,0,65,0,0
3136,NJ,0,1,36,0,41,0,0
3137,AK,0,0,0,0,49,0,0
3138,LA,0,0,0,0,49,0,0
3139,AL,0,0,0,0,56,0,0
3140,IN,0,0,0,0,73,0,1
3141,MA,0,1,31,0,69,0,0
3142,DE,0,0,0,0,56,0,0
3143,SC,0,0,0,0,46,0,0
3144,NH,0,0,0,1,49,0,1
3145,LA,0,0,0,0,60,0,0
3146,MS,0,0,0,0,65,0,0
3147,NM,0,0,0,0,64,0,1
3148,WA,1,0,0,1,70,0,0
3149,SC,0,0,0,0,65,0,0
3150,MT,0,1,14,0,58,0,0
3151,ME,0,0,0,1,76,0,0
3152,NM,0,0,0,0,69,0,0
3153,AZ,0,0,0,0,62,0,0
3154,CT,0,1,47,0,56,0,0
3155,IL,0,0,0,0,46,0,0
3156,IN,0,0,0,0,48,0,0
3157,AR,1,0,0,1,49,0,1
3158,RI,0,0,0,0,61,0,0
3159,ND,0,0,0,0,64,0,0
3160,NH,0,0,0,0,66,0,0
3161,NV,0,0,0,0,68,0,0
3162,UT,0,0,0,0,51,0,0
3163,NC,0,1,30,0,73,0,0
3164,MI,0,0,0,0,69,0,0
3165,WI,0,1,44,0,64,0,0
3166,AR,0,0,0,1,74,0,0
3167,NH,0,0,0,0,61,0,0
3168,TX,0,0,0,1,78,0,0
3169,ID,0,0,0,1,39,0,1
3170,CT,0,0,0,0,52,0,0
3171,NH,0,0,0,0,64,0,0
3172,WY,0,0,0,0,72,0,0
3173,OR,0,0,0,0,55,0,0
3174,SC,0,1,43,0,33,0,0
3175,MD,0,1,28,0,77,0,0
3176,NY,0,0,0,0,44,0,0
3177,NM,0,1,41,0,51,0,0
3178,LA,0,0,0,0,59,0,0
3179,UT,0,0,0,0,60,0,0
3180,AL,1,0,0,0,44,0,0
3181,DE,0,0,0,0,62,0,1
3182,WV,0,0,0,0,58,0,0
3183,KY,0,0,0,0,51,0,0
3184,NC,0,0,0,0,60,0,0
3185,WV,0,0,0,0,68,0,0
3186,AZ,0,0,0,0,56,0,0
3187,WV,0,1,39,0,70,0,0
3188,ND,1,0,0,0,65,0,0
3189,WA,1,0,0,1,72,0,0
3190,ID,0,0,0,1,54,0,1
3191,CT,0,0,0,1,63,0,0
3192,OK,0,1,37,0,57,0,0
3193,IA,0,0,0,0,42,0,0
3194,NE,0,1,41,0,53,0,0
3195,ID,0,1,29,0,64,0,0
3196,OR,0,0,0,0,58,0,0
3197,SD,0,0,0,0,72,0,0
3198,DE,0,1,32,0,53,0,0
3199,WA,0,0,0,0,51,0,0
3200,CT,1,0,0,0,35,0,0
3201,MN,0,1,32,0,65,0,0
3202,WA,0,0,0,0,61,0,0
3203,PA,0,1,40,0,74,0,0
3204,ID,0,0,0,0,70,0,0
3205,MS,0,0,0,1,89,1,0
3206,WA,0,0,0,0,52,0,0
3207,DC,0,1,22,0,82,1,0
3208,KY,0,0,0,0,64,0,0
3209,OH,1,1,24,1,58,0,0
3210,TN,1,0,0,0,64,0,0
3211,ID,0,0,0,0,34,0,0
3212,WV,0,1,38,0,39,0,0
3213,WI,0,0,0,0,59,0,0
3214,OK,1,0,0,0,58,0,0
3215,WV,0,1,31,0,56,0,0
3216,SD,0,1,24,0,59,0,0
3217,KS,0,1,30,0,72,0,0
3218,NC,0,1,18,0,61,0,0
3219,NY,0,1,35,0,64,0,0
3220,WI,0,1,12,0,65,0,0
3221,SC,0,0,0,0,57,0,0
3222,UT,1,1,29,0,50,0,0
3223,NC,0,0,0,0,60,0,0
3224,IN,0,0,0,1,74,0,0
3225,AR,0,0,0,0,71,0,0
3226,ME,0,0,0,1,75,0,0
3227,NY,0,0,0,0,54,0,0
3228,OR,0,0,0,0,68,0,1
3229,IL,0,0,0,0,62,0,0
3230,MA,0,0,0,0,54,0,0
3231,CT,0,1,27,0,61,0,0
3232,WI,0,0,0,0,65,0,0
3233,OK,0,0,0,0,47,0,0
3234,DE,0,1,28,0,56,0,0
3235,AZ,0,1,25,0,51,0,0
3236,AK,0,1,34,0,67,0,0
3237,MI,1,0,0,0,53,0,0
3238,WA,0,0,0,1,77,0,0
3239,SD,0,1,33,0,53,0,0
3240,SD,0,0,0,0,69,0,0
3241,AK,1,0,0,1,68,0,0
3242,MA,0,1,30,0,64,0,0
3243,AR,1,0,0,1,42,0,1
3244,KS,0,0,0,0,70,0,0
3245,OR,0,0,0,0,40,0,0
3246,NC,1,1,44,1,49,0,0
3247,OK,0,0,0,1,40,0,1
3248,NJ,0,0,0,0,56,0,0
3249,OH,0,0,0,0,68,0,0
3250,NM,0,0,0,0,57,0,0
3251,OH,0,0,0,0,71,0,0
3252,MI,0,0,0,0,62,0,0
3253,KS,0,1,24,0,53,0,0
3254,IL,0,1,30,0,68,0,0
3255,RI,1,0,0,1,74,0,0
3256,AR,0,0,0,0,73,0,0
3257,NY,0,0,0,0,56,0,0
3258,WY,0,0,0,0,66,0,0
3259,NC,0,0,0,0,50,0,0
3260,OR,0,0,0,0,67,0,0
3261,VT,0,0,0,0,52,0,0
3262,SD,0,0,0,0,55,0,0
3263,DC,0,0,0,0,50,0,0
3264,RI,0,1,24,0,45,0,0
3265,ID,0,0,0,1,79,0,0
3266,OK,0,1,33,0,60,0,0
3267,MN,0,0,0,0,65,0,0
3268,WA,0,0,0,1,82,1,0
3269,WV,1,0,0,0,65,0,0
3270,NH,0,0,0,0,59,0,0
3271,WI,0,0,0,0,49,0,0
3272,MD,0,0,0,1,82,1,0
3273,IN,0,0,0,0,73,0,0
3274,IN,0,0,0,0,61,0,0
3275,NY,0,1,27,0,46,0,0
3276,OR,0,1,22,0,63,0,0
3277,OK,0,0,0,0,52,0,0
3278,WI,0,0,0,0,70,0,0
3279,NJ,0,1,43,0,67,0,0
3280,AR,0,0,0,1,53,0,1
3281,UT,0,0,0,0,60,0,0
3282,DC,0,1,31,0,71,0,0
3283,AK,0,0,0,0,73,0,0
3284,AZ,0,1,27,0,54,0,0
3285,KS,0,0,0,0,48,0,0
3286,OH,0,1,30,0,66,0,0
3287,KS,0,1,42,1,56,0,1
3288,SC,0,0,0,0,55,0,0
3289,TN,0,0,0,0,49,0,0
3290,CA,0,0,0,0,44,0,0
3291,MI,1,1,22,1,58,0,0
3292,IN,0,0,0,0,52,0,0
3293,RI,0,0,0,0,56,0,0
3294,MO,0,0,0,0,38,0,0
3295,TN,0,0,0,0,62,0,0
3296,CT,0,0,0,0,61,0,0
3297,ME,0,1,33,0,65,0,0
3298,MD,0,0,0,0,43,0,0
3299,NC,0,0,0,0,56,0,0
3300,SC,0,1,21,0,50,0,0
3301,CA,0,0,0,1,74,0,0
3302,LA,1,0,0,0,52,0,0
3303,WI,0,1,26,0,50,0,0
3304,IL,1,0,0,1,61,0,1
3305,IN,0,1,22,0,69,0,0
3306,AL,0,1,29,0,44,0,0
3307,OK,0,0,0,0,66,0,1
3308,IA,0,0,0,0,65,0,0
3309,VT,1,0,0,0,71,0,1
3310,NY,0,0,0,0,53,0,0
3311,LA,0,0,0,0,59,0,0
3312,SC,0,0,0,0,66,0,0
3313,ID,0,0,0,0,41,0,0
3314,MO,0,0,0,0,58,0,0
3315,ME,0,1,18,0,44,0,0
3316,MS,0,1,29,0,59,0,0
3317,SD,1,0,0,0,61,0,0
3318,OK,0,0,0,0,58,0,0
3319,WY,0,0,0,0,54,0,0
3320,GA,1,0,0,1,48,0,1
3321,VT,0,0,0,0,53,0,0
3322,MD,0,0,0,1,88,1,1
3323,IN,0,0,0,1,55,0,1
3324,WV,0,0,0,0,57,0,0
3325,OH,0,0,0,0,56,0,0
3326,OH,0,0,0,0,54,0,0
3327,SC,0,0,0,0,52,0,0
3328,AZ,0,1,36,0,60,0,0
3329,WV,0,0,0,0,63,0,0
3330,RI,0,0,0,0,67,0,0
3331,CT,1,0,0,0,57,0,0
3332,TN,0,1,25,0,77,0,0
